doc_id,topic,probability,preprocess_disc
9,0,0.999790370464325,obrigar presidente_rosangela_gomes cumprimento danilo forte hoje destinar pensar sobre papel congresso próximo legislatura legislaturo verdade acabar fico pensar legislatura deixar próximo fiquei reflexão cheguei seguinte conclusão debater país debater pauta prioritário país debater retirar brasil último posição vários ranking exemplo fome misério educação péssimo qualidade combater corrupção ação deixar desejar ambiente negócio realidade brasil nocivo todo pessoa produzir riqueza empreender pensar pauta prioritário país pauta segundo mandato primeiro mandato expectativa expectativo realmente debateríamos forma maduro país ajudaría melhorar pessoa fato daríamos oportunidade pessoa verdade deveríamos pensar potencializar pessoa oportunidade deveríamos discutir oferecer educação qualidade medir resultado ver primeiro legislatura relato pessoal talvez outro pessoa outro percepção passar perto ver nenhum debate profundo sobre orçamento nação dever gastar aliás ver pouco vergonha replicação orçamento ano outro balcão negócio comer solto ver ver ausência completo preocupação educação básico qualidade ver corporativismo vergonhoso defesa classes clientelismo absurdo umbigolândia nojentar ver ver ninguém procurar dado indicador saber realmente ensinar saber político público realmente funcionar ver nenhum debate sério ver acabar corrupção país vejor coisa jogar debaixo tapete vejor vários ente vista grosso vejo apadrinhamento padrinho vergonhoso falta visão indignação moral levar pensar país pessoa fechar olho bater palma bandidagem dar tapinha costa coisa errar coisa sobre realmente achar parlamento debruçar debate sério sobre acabar pobreza país esquecer ninguém acabar pobreza corrupção resolvermos impunidade desengavetarmos vez todo projeto foro privilegiar engavetar 4 5 ano colocar bandido cadeiar estabelecer prisão após condenação segundo instância trabalhar transparência relação dinheiro população gastar ninguém saber dinheiro gastar critério utilizar fazse lambança dinheiro público transparênciar zero inventase monte rubrica dinheiro cá lá rastreabilidade fiscalização todo mundo ficar brincar enganar gosto realmente sobre corrupção sim achar problema nacional corrupção pobreza intimamente ligar corrupção pobreza caminhar junto passo largo assunto conivente miséria pobreza tirar oportunidade próximo geração então achar inadmissível próximo legislatura debate profundo maduro sobre país legislatura infelizmente participar 2 ano comissão_mista_de_orçamento ver lá nenhum debate sobre prioridade país ver nenhum debate sério comissão_de_educação sobre melhorar educação ver ninguém defender educação qualidade forma verborrágico boca vejor nenhum maneira levar àquele educação qualidade recuperação aprendizagem perder pandemia vejo blábláblá vejo populismo vejor defesa interesse próprio congresso responsabilidade representar fato população principalmente população organizar voz dentro sindicato poderoso todo vir bater porta bem recebido ficar calado estrutura dinheiro representar pessoa achar congresso debruçar sobre sobre pauta essencial outro ponto chamar atenção quanto debate casa debate casa  ficor esperar debate profundo aliás vim casa debater discutir discordar trocar ideia comissão papel completamente esvaziar pauta definir plenário muitas vez amadurecimento necessário espaço debater trocar ideia trazer sociedade civil cá justamente trocar ideia contribuir entender ficar puxadinho achar outro achar meio dúzia resolver aprovar assim conduzir país reforma gente subi tanto vez tribuna reforma país legislatura onde congresso_reformista  reforma nenhum fizemos reforma previdência mal porcamente visão possível agora reforma administrativo andar discutir privilégio elite funcionalismo discutir sim estabilidade discutir sim corporativismo absurdo inchaço máquina público pagar conta dinheiro investir nada máquina ineficiente pergunte qualquer cidadão rua achar educação receber qualidade atendimento saúde qualidade bem atendir serviço bem prestar avaliar melhora vejo nada caminhar sentido casa debate nada ficar bom velho jogo corporativismo defender categoria categorio b outro reforma além administrativo reforma político onde reforma político cada vez ver representante longe representar discutir distritão mau sistema político mundo debater voto distrital deixar representante próximo eleitor achar todo mundo campanha agora várias região país ninguém representar população local alguém conhecer fato problema região debate profundo sobre enquanto visão perpetuação visão rasa atender umbigo umbigo tratar coisa importante futuro país futuro próximo geração vergonhoso ver coisa dar outro coisa educação país frangalho frangalho criança aprender aprender idade certo criança adolescente pouco possibilidade progredir vida dosar pouco palavra realmente causar enorme indignação ver criança progressão automático passar ano aprender nada pandemia pôdese ver 2 ano aula aprendizagem pífio maioria criança adolescente regredir todo mundo passar todo mundo ano seguinte tudo bem todo mundo finger ensinar pai desesperar amor deus  filha desistir escola série entender nada realmente pegar problema ver resolvêlo comissão_de_educação_desta_casa dar conta comissão_de_educação_desta_casa dar contar promover avaliação professor avaliação docente formar capacitar professor valorizar professor último aí encerro esperar próximo legislatura congresso responsável mandar conta executivo pagar aprovar projeto sabidamente dinheiro pagar aprovar projeto bonito curralzinho eleitoral 1 curralzinho eleitoral 2 saber pagar cumprir assim jogase problema executivo achar irresponsável achar congresso congresso debater trazer sociedade debater ver aprovar pago aprovar monte aumento monte categoria chamar pagar conta perguntar pagar tudo nome reeleição nome benefício próprio eleitoreiro financeiro achar mudar chave esperar próximo legislatura realmente debatar tema profundidade honrar política dignificar política excelente representante parlamento vários partido realmente construir país bom modus operandi rediscutir sistema político rediscutir responsabilidade discutir encerro frase santo_agostinho ouvir candidato presidência_da_república luiz_felipe_chaves_davila esperança esperança claro pensar próximo legislatura próximo mandato próximo ano esperançar frase esperanço dois filha lindo indignação coragem indignação ensinar aceitar coisa coragem mudálo obrigar sra_presidente
21,0,0.9997151494026184,prezadíssima federal carmem_zanotto colega uso palavra tarde hoje último orador semana esforço concentrar logo vexa tratar dois tema tribuna atual outro tratar devido cuidado trâmite comissão câmara_dos_deputado reputo importantíssimo brasil reforma trabalhista brasil agora vir atacar lula pt ameaçar inclusive revogação voltar atrás série liberdade concedir trabalhador pessoa dever presa candidatar partido trabalhador ager justamente contra trabalhador ganhar liberdade reforma trabalhisto opinião dever reforma trabalhista profundo extinguir extinguir justiça_do_trabalho justiça_do_trabalho dever extinta função incorporar justiça_comum justiça ramos justiça especial justiça_do_trabalho demonstrar acabar avançar sobre empreendedor sobre trabalhador gerar injustiça série inovação ramo trabalhista judiciário promover contra vontade próprio legislador justiça_do_trabalho atuar legislar inferno trabalhador brasil empregador brasil mau ainda sobretudo legislação trabalhisto apesar reformar basear carta italiano fascista mussolini sim carta_del_lavoro dar origem clt ano 40 getúlio_varga ditador época presidente_do_brasil ditador hoje justiça trabalhista caríssimo ramo caro judiciário custar quinto custar poder_judiciário brasil poder_judiciário caro mundo judiciário brasileiro custar cinco vez proporção pib custar judiciário alemão quinto custo 20 pagar despesa justiça_do_trabalho torno 20 despesa poder_judiciário justiça trabalhista preciso dar liberdade trabalhador clt talvez precise revogar dar liberdade trabalhador reforma trabalhista começar dar trabalhador optar ficar clt carteira trabalho outro regime trabalho aliás quanto trabalhador hoje atuar clt quanto aliás defender clt contratar meio cnpj deem olhada partido político duvido agora eleição contratar clt contratar cnpj outro forma cpf inclusive permiter flexibilização durante campanha eleitoral político facilitar produzir riqueza lá pontar empregador empresário empreendedor trabalhador tudo difícil caminhar extinção justiça_do_trabalho incorporação função justiça_comum reforma trabalhisto ainda aprofundado bom trabalhador brasil portanto dar admitir discurso lula pt repito lula dever preso dar opinião sobre sobre revogação legislação trabalhista preciso avançar brasil liberdade ambiente trabalho querar sra_presidente sobre decisão recente ministro_alexandre_de_moraes vier público matéria cnn mostrar ministro_alexandre_de_moraes atender pedido quebra sigilo bancário empresário senador_randolfe_rodrigues pedir polícia_federal errar fiz discurso duro respeito despacho delegar fábio_alvarez_shor despacho completamente ilegal desarrazoar preconceituoso perseguição político pedir apenas dever pedir invasão privacidade buscar apreensão celular ministro_alexandre_de_moraes além bloquear conta empresário envolver conversa grupo whatsapp bloquear conta quebrar sigilo absurdo ministro_alexandre_de_moraes absurdo quebrar sigilo bancário telemático pessoa sequer foro privilegiar chamar cidadão revista pedir tirar roupa todo ah cueca ainda tirar cueca acontecer deixar cidadão brasileiro pelar nu diante autoridade policial invasão privacidade celulares conversa whatsapp sigilo bancário bloqueio conta absurdo ministro_alexandre_de_moraes descrição claro twitter exprocurador_deltan_dallagnol todo irresponsabilidade crime cometir partido_novo contra lei_de_abuso_de_autoridade aprovar série inovação legislação incluir crime lei_de_abuso_de_autoridade instauração investigação indício práticar crime art 27 lei 13869 2019 aprovar câmara_dos_deputado ministro_alexandre_de_moraes acordo lei aprovar câmara incorrer crime abuso autoridade algo investigação indício práticar crime contra aliás deter foro privilegiar prova obter meio matéria jornalístico print alguém grupo alguém prova legal prova ilegal conteúdo conteúdo importar altura campeonato submeter prova judiciário ministério_público participação nenhum inquérito fake utilizar coibir manifestação político perseguir politicamente importar lado aliás postura independente câmara_dos_deputar deputada_carmen_zanotto vexa acompanhar saber agora tipo ação contra manifestação mst esquerda radical rua quebrar tudo ameaçar invadir stf invadir cobrar bom cobrar cobrar povo algum coisa acovardar diante situação senado_da_repúblico nada dever algo afinal conta responsabilidade senar fiscalizar acontecer supremo_tribunal_federal inclusive responsabilidade senar abrir eventual processo impeachment ministro_do_supremo_tribunal_federal senador_rodrigo_pacheco presidente_do_senar fundamental câmara_alta_da_repúblico pronunciar sobre tomar devido providência realmente abismar acontecer último dia lamentável pior instituição dever sempre elogiar polícia_federal supremo_tribunal_federal sempre preservar alvo descrédito população causar membro atuar definem devido processo legal estado_de_direito constituição pena faltar pouco dia eleição sra_presidente então aproveitar segundo restar desejar todo colega parlamentar todo candidato brasil afora todo cargo festa democracia eleição período eleitoral transcorrer paz dia 2 outubro eventualmente segundo turno porventura eleição presidência_da_república decisão tomar eleitor vista termo brasil bom livre próspero sra_presidente
63,0,0.9996433258056641,sr_presidente aproveitar momento informar plenário projeto_de_lei 462 2020 dar liberdade trabalhador utilizar fgts dever votar semana sob relatoria deputado_gustinho_ribeiro trabalho digno elogio ouvir todo lado setor envolver principalmente setor construção civil governo caixa_econômica_federal corretor imóvel claro identificar anseio trabalhador legítimo dono conta fgts depositar caixa_econômica_federal enaltecer trabalho deputado_gustinho_ribeiro breve dever apresentar novo relatório primeiro versão apresentar trabalhar aprimoramento conversar repito conversar diversos setor economia sociedade brasileiro enaltecer trabalho fácil chegar ponto conseguir aprovar deixar projeto ver aprovação cantar vitória antes hora óbvio necessitar todo articulação político junto par apoio todo bancada menos maioria aprovação projeto querar raro conseguir chegar momento sob ponto ver processo legislativo ápice tramitação projeto lei aprovação plenário_desta_casa fgts criar exministro_roberto_campos visar justamente superação dificuldade iniciativo privado estabilidade emprego instituto ainda hoje permanecer serviço público pouco critério entender dever avaliação desempenho cobrança resultado várias carreira serviço público estabilidade fato garantir outro caso setor privado realidade estabilidade após determinar número ano trabalho superar dificuldade empreendedor trabalhador logo antes completar prazo dar partir marco temporal estabilidade emprego privado ver olho rua demitir segurança emprego empregador garantir estabilidade funcionário muitas vez demiter antes cumprir prazo criar então fundo_de_garantia_do_tempo_de_serviço substituir estabilidade emprego iniciativa privado dar garantia futuro trabalhador aposentar antes demitir poupança dinheiro utilizar longo todo ano continuar financiamento moradia popular história forma resumer fgts porém ver relação trabalho mudar longo tempo exigência trabalhador aumentar longo tempo inclusive sobre próprio rendimento fgts baixo ano rendimento abaixo próprio inflação dinheiro depositar perca valor dê garantia trabalhador demitir aposentar série exceção começar aberto utilização dinheiro trabalhador série caso agora abrir novo modalidade uso dinheiro comprar segundo terceiro imóvel sugestão limitação número imóvel adquirir colocação número fixo imóvel talvez segundo permissão aquisição terceiro imóvel algo relator trabalhar importante medida direção liberdade trabalhador utilizar pouco recurso fundo quanto financiamento habitação popular sr_presidente ainda historicamente ligar surgimento fgts_lá atrás ano 60 hoje percebese próprio setor construção civil buscar esclarecimento sobre novo forma financiamento habitação popular além fgts cada vez reduzir tema sobre debruçar debater dar inclusive transparente ponto ver ideia câmara_dos_deputado partido_novo sempre dar preferência funding privado sobre funding público então debater dar continuidade funding enter avanço projeto sobre uso dinheiro trabalhador compulsoriamente depositar contar acesso então sr_presidente discussão ainda feita certamente momento oportuno compromisso momento querar vez saudar enaltecer trabalho relator gustinho_ribeiro todo ajudar construir texto parlamentar todo setor economia sociedade liberdade votar cidadão esperar aprovar plenário_da_câmara_dos_deputados perguntar tramitação vindouro aprovar câmara projeto seguir senado momento oportunidade aprovar projeto sair câmara alterálo etc projeto alterar retornar câmara saber tramitação algo imediato infelizmente gostaríar assim caso dois casas_no_parlamento aprovar câmara ainda senar grande passo momento dar concluir agradecer líder_do_partido_novo deputado_tiago_mitraud adriana_ventura dois fundamental incansável ajudar projeto aliás apoio todo bancada outro parlamentar chegar momento tramitação apreciar plenário longo semana esforço concentrar deputada_adriana deputado_tiago todo bancada novo deputado_gustinho claro câmara deputado_arthur_liro cumprir compromisso pautar projeto longo próximo dia sr_presidente
12,0,0.999561607837677,presidente_paula_belmonte prazer vêla sentar cadeira achar mensagem passar hoje durante período eleitoral especial primeiro turno praticamente todo casa engajar eleição natural trabalho câmara dar certo esfriado foco eleição agora segundo semana após primeiro turno praticamente nenhum concorrer exceto algum segundo turno disputar cargo governador ainda assim retomar ritmo trabalho casa aprovar nenhum reforma tributário longo último 4 ano legislatura início promessa reformista correr risco entregar fim ano sistema tributário complexo pesar incapaz permitir pequeno produtividade brasil herdar 4 ano atrás finalmente colocar reforma tributário votação casa esperar concluamos legislatura aprovar início reforma administrativo tamanho estado peso governo_brasileiro improdutividade governo_brasileiro continuar aspecto piorar legislatura recusar aprovar reforma administrativo amplo apoio comissão_especial potencial limitar privilégio existir hoje elite funcionalismo público ineficiência existir hoje estrutura urgente reforma citar somente dois principal voltar pauta congresso_nacional fiquei feliz ver recentemente sinalização presidente_arthur_liro imprensa reforma administrativo pec 3220 votar breve pois bem pronto votar pec inclusive cumprir acordo comissão_especial incluir através destaque dispositivo alcançar juíz magistrado desembargador promotor todo possível somente privilegiar ficar proposta emenda constituição infelizmente continuar ver brasil inteiro caso absurdo juíz cometer crime punir aposentadoria compulsório receber salário resto vida trabalhar transformar juíz criminoso punir aposentadoria compulsório país onde grande parte população perder renda durante pandemia stf mandar projeto câmara_dos_deputar congresso_nacional aumentar próprio salário 46 mil real colocar urgentemente fim possível continuar viver país privilégios possível continuar ver elite três poderes_desta_nação incentivar cada vez ganhar pouco paguar conta elite urgente votar reforma urgente derrotar projeto lei enviar stf aumentar teto constitucional urgente derrotar qualquer tentativa câmara_dos_deputar aumento salário próprio parlamentar hoje receber quase 34 mil real elite rendo população brasileiro segmento 1 população rico importar deputado_de_direita esquerdo centro rico brasil aumentar salário população desempregar aumentar salário empreendedor condição contratar empresa saber dinheiro pagar folha pagamento possível assunto voltar câmara_dos_deputado voltar plenário enquanto ainda longe resolver problema pagar conto população brasileiro continuarer lutar fim mandato impedir absurdo privilégio pautar plenário seguir trabalhar firme consiga aprovar congresso_nacional reforma necessário ainda tempo praticamente quase 3 mês trabalho existir texto reforma tributário existir texto reforma administrativo portanto votálas medo votar reforma administrativo receio sofrer algum retaliação eleição agora preciso eleição passar esperar agora voltar todo preocupar brasil preocupar brasil passar invariavelmente apoiar pauta tirar país atraso apoiar pauta dar produtividade tanto setor público quanto setor privado brasil lutar último dia mandato
132,0,0.9995337128639221,marcel_van_hattem prazer vêlo presidência trabalho câmara caro colega subor tribuna hoje mostrar indignação verdade vir falta previsibilidade casa continuamente apontar hoje várias vez mudança procedimento combinar enter flexibilidade lidar algum situação achar ferir isonomia parlamentar questão algum parlamentar deixar compromisso lado vir cá mudar passagem inclusive gastar dinheiro público aí 3 hora tarde mudase procedimento então primeiro notícia semana inteiro cheio segundafeiro sextafeiro sessão todo dia semana concentrar receber pauta semana 41 item 41 item sextafeira final dia todo correr vêm brasília mudar compromisso hoje manhã notíciar sessão segundafeiro sextafeira virtual algum saber ficar segundafeiro sextafeira apenas hoje dentro avião 3 hora tarde ficor saber tudo virtual vários parlamentar vir casa ferir isonomia parlamentar matéria extremo relevância pauta assunto sensível assunto polêmico ah remoto partido convenção partidário lamento coisa prioritário prioritário todo mundo votemos deixer todo dar ramerame pauta plenário dar achar coisa repente outro contar informar informação privilegiar caso caso bancada partido novo ficar saber ficar saber hora quer certo peço marcel_van_hattem hoje presidir sessão arthur_lira cuidar previsibilidade afinal conta câmara organizar previsibilidade conseguir discutir projeto importante nação conseguir dar vasão tema polêmico seriedade maturidade dar todo mundo ficar votar tema vez proposta_de_emenda_constituição medida_provisório meio convenção partidário apertar botão absurdo acontecer subir tribuna mostrar indignação ferir tudo princípio democracia debate democrático clareza transparência pauta previsibilidade sempre prometer sério dar termos pauta 41 item sabermos votar hoje amanhã quartafeiro quintafeira tirar cartola surpresinha brasil disso maduro votar parlamentar achar importante convenção partidário votar sugiro sinceramente cancelar sessão avisar todo previamente afinal conta mudança passagem dinheiro público 1 mil 2 mil voltar aí cidadão brasileiro pagar contar então responsável gastar solicito encarecidamente pauta programação conforme regimento pregar informação votar antes entrar plenário antecedência relatório disponibilizar votação minimamente pequeno pequeno todo relatório 24 hora antes pequeno decência fazíamos vez passar relatório chegar dia votar dar relatório tema polêmico chegar discutir discutir grupo trabalho saber lá saber lá participar discussão interesse envolver dar votar queimaroupa então sr_presidente_marcel solicitar vexo presidente_arthur_lira pouco sexa chegar cuider previsibilidade assunto pauta promessa campanha comprometimento acontecer isonomia parlamentar votar tema polêmico todo debater dar seguimento trabalho dar parlamentar assim tonto outro reservar direito ficar estado votar assunto sério sr_presidente
179,1,0.9992862939834595,novo  sp ordem revisão orador partido_novo defender deixar claro enfermeiro grande herói guerra sim único grande guerreiro pessoa produzir vacina enfermeiro alimentar vestir transportar fábrica funcionar agricultura funcionar enfim serviço essencial funcionar conjunto sociedade combater pandemia herói herói importante enfrentamento pandemia sentido colocar piso salarial constituição  2269 profissão diferente brasil imaginem todo cada momento vier pressão congresso_nacional assegurar piso salarial constituição constituição tornar grande livro íamos engessar completamente economia nenhum possibilidade negociação remeter problema discutir sobre razão piso salarial outro ponto observar novamente entrar piso salarial 4 mil 750 real todo brasil observar diferença regional existir brasil desigualdade regional existir brasil prefeitura interior brasil prefeito ganhar 4 mil 750 real enfermeiro garanter constituição distorção criar impensável enfermeiro escutar talvez gostar razoável brasil pensar categoria importante bombeiro salvar pessoa mariano vir pedir piso salarial dentro constituição grande herói problema seguranço qualquer outro coisa policial grande herói imbuír responsabilidade receber saber risco correr dentro hospital fisioterapeuta médico motorista ambulância perder ente transportar coveiro trabalhar cemitério então justo equilibrar razoável sociedade brasileiro simplesmente imputar momento importante sim trabalho importante sim ficar dentro constituição lei regulamentar lado todo outro profissão podermos equilíbrio economia mexer senão correr risco categoria começar vir pressionar querido   cair populismo ceder pressão simplesmente abraçar categoria defendêla ganhar voto chamar populismo errar preço custo brasil economia ficar jogar pressão pressão contra dever constituição constituição organização três_poder independente harmônico direito fundamental todo cidadão direito vida vir propriedade expressão começar colocar dentro constituição piso salarial grande erro cometer partido_novo orientar contra vota contra saber votação difícil pressão rede social alto crítica rápido votar sempre responsabilidade brasil eleitos compromisso todo nação todo profissão forma consiga brasil todo
65,1,0.999201774597168,apesar propalar meio aplicativo mensagem desprezar estado saber mensagem apoio ato violento supor violento ruptura estado_democrático_de_direito contrariedade utilização expressão direito defender democracia tudo bem estado_democrático_de_direito ataque ameaça contra pessoa politicamente expostas grande potencial propagação apoiador radical ideologia ditar conservador perseguição político nunca ver decisão sentido sobre ato violento mst esquerda sobre alto nível propagação violência defender ditadura proletariado nu vivo cor estatuto partidário pt pcdob psol psb todo defender marxismo todo defender ditadura proletariado todo contra democracia todo defender ditadura mundo afora todo chegar corrompem democracia pt mensalão petrolão sr_presidente caír butiá bolso rio_grande_do_sul bom ainda popular cair butiá bolso ficor preocupado justamente defender democracia instituição polícia_federal tão importante operação_lavajato tão importante país supremo_tribunal_federal tão importante brasil tão importante qualquer corte constitucional mundo afora defender estabilidade regime democrático meio defesa constituição princípio valor ficor preocupado sr_presidente falor tudo achar inclusive desconfiar instituição tal jamais desconfior pessoa toa liberal liberal homem livre governo limitar estado limitar função básico estado garantir direito natural fundamental vida propriedade liberdade extrapolar função ponto prejudicar confiança cidadão confiança cidadão instituição tratar discurso contrário defendar estabilidade institucional defer equilíbrio instituição defer harmonia chamar atenção parlamento polícia_federal ministério_público sobre tratar supremo_tribunal_federal meio decisão posturo fala desafiar estabilidade institucional promover perseguição político sr_presidente fiquei ansioso dia chegar tribuna segundafeira semana passado ocorrer tudo sessão alto bom som parlamentar colocar bola centro campo futebol estabelecer fato harmonio relação independente defender instituição denunciar atacar onde ainda argumento risível absurdo patético trazer representação polícia_federal decisão ministro_alexandre_de_moraes
204,1,0.999126672744751,novo mg questão ordem revisão orador perfeito brevemente registrar total contrariedade partido_novo emenda relator avanço termos impedir impositividade acreditar uso forma vir todo algo dever abolir questão ordem relação outro tema base arts 62 constituição_federal 135 regimento_comum   do_congresso_nacional 5 resolução_1 2002 congresso   nacional venho meio solicitar revogação ato   conjunto_das_mesas_da_câmara_dos_deputar senado_federal 1 2020 dispor sobre regime tramitação soar campainha novo mg medida provisório durante pandemia  desde dia 1 abril 2020 razão pandemia coronavírus nenhum comissão_mista instalar congresso   nacional exceto comissão_mista_de_orçamento pesar entendar razão motivar edição ato notadamente intuito evitar aglomeração entender razão subsistir situação saúde atualmente bom encontrávar dois ano soar campainha novo mg casa desenvolver sistema híbrir permitir deliberação remoto tanto verificar atividade comissões_da_câmara_do   senado_federal próprio comissão_mista_de   orçamento voltar reunir respectivo adaptação  comissões_mistas medida provisório existência garantir texto constitucional regular funcionamento fundamental debate adequado transparente deliberação medida provisório lembrar inclusive supremo  interrupção   do_som soar campainha novo mg lembrar inclusive supremo_tribunal_federal manifestar sentido imprescindibilidade parecer comissões_mistas medida provisório ação_direta_de   inconstitucionalidade 4029 2012 razão solicito instalação comissão   mista próximo medida provisório editar revogação ato_conjunto 1 2020 novamente entender razão levar rito alternativo medida provisório soar campainha novo mg prejudicial análise medida vir diretamente plenário_da_câmara_dos_deputar seguida plenário_do_senar então ante exposto gostar restabelecir comissão   misto deliberação apreciação medida provisório rodrigo   pacheco bloco__psd  mg ficar registrar questão ordem considerar recolher presidência deputado_tiago_mitraud decisão presidência_do_congresso_nacional v_exa novo mg  obrigar
5,1,0.9990015029907227,valer todo jornalista comentarista colunista jovem_pan comunicar interno expressão vetar jovem_pan base decisão tse expresidiário descondenar ladrão corrupto chefe organização criminoso pois seguinte base constituição_federal garantir imunidade parlamentar lula expresidiário ministro_alexandre_de_moraes tse  lula descondenar lula ladrão lula corrupto lula chefe organização criminoso apenas base imunidade parlamentar base auto processo julgar curitiba confirmar segundo instância instância recursal anular decisão vergonhoso supremo_tribunal_federa tse chamar lula pouco jovem_pan base decisão tse expresidiário descondenar ladrão corrupto chefe organização criminoso deputado_airton_faleiro falta jovem_pan jornalista base decisão tse chamar lula_de_lula todo resto repito tse lula expresidiário descondenar ladrão corrupto chefe organização criminoso severo ataque liberdade imprenso liberdade opinião liberdade expressão jornalista comentarista colunista lula expresidiário descondenar ladrão corrupto chefe organização criminoso repito falta tse chamar lula_de_lula lamentável sr_presidente lamentável ver chegar ponto nação democracia dever vibrante ameaçar tribunal ameaçar pt aliás atendir 37 pedido lula combater suposto fake news apenas seis bolsonaro ver aí desequilíbrio partidarismo parcialidade viver momento triste democracia tribuna achar palácio_do_planalto ameaça democracia enganar ameaçar democracia desde outro inclusive judiciário voltar palácio_do_planalto indicar hoje poder_judiciário voltar subjugar país ideologia corrupção desmanr tudo independente divergência jair_bolsonaro governo aceitar jamais voltar lula pt cidadão brasileiro preocupação tudo deixar pt voltar
115,1,0.9989532232284546,novo  sp revisão orador sr_presidente claro direito trabalho vir antes direito trabalhista desempregar nenhum direito trabalhista vir medida provisório flexibilizar relação trabalhista nenhum direito retirar apenas desengessar tirar gesso criar relação trabalhista supostamente proteger trabalhador verdade dificultar contratação pessoa falase direito todo direito emprego 38 milhão brasileiro emprego subempregado desalentar construir rampa acesso emprego antes direito trabalhista senão dificultaremos ascensão mercado adiantar precarizar relação trabalhista precário desemprego precário fome fome dinheiro comprar comida problema fome brasil faltar comer brasil produzir mundo produzir excesso sobrar falta renda renda comprar comer alimentar matar fome portanto flexibilização retirar nenhum direito deixar pessoa tomar decisão gerar oportunidade emprego óbvio oportunidade emprego nascer melhoria ambiente econômico desregulamentar desburocratizar deixar empresário ambiente negócio ambiente segurança jurídico reforma tributário tanto último 4 ano nunca sair diminuir tamanho estado sobre costa empreendedor reforma administrativo diminuir carga tributário emprego pagar caro compra alimento medida provisório medida relação amigável relação combinar empregar empregador sindicato saber relação empregado empregador problema pagar férias empregado sair féria gastar tudo voltar absolutamente nada gerar problema deixar relação empregado empregador natural medida vir bom medida bom página mundo desligamento automático microfone
14,2,0.9996896982192993,sra_presidente caro colega parlamentar particular amigo deputado_paulo_ganime parabéns excelente resultado rio_de_janeiro dúvida povo rio vexa colega governador representar princípio valor fato consagrar votar urna primeiro turno ainda assim votação esplêndido receber rio demonstrar qualidade mandato câmara_dos_deputar reconhecimento todo eleitor rio_de_janeiro pessoa forma vexo ler vida público político parabéns  sra_presidente caro colega parlamentar voltar tribuna fiz ontem alertar brasil sobre risco correría dia 30 outubro viesse confirmar acontecer primeiro turno vitória luiz_inácio_lula_da_silva pt presidente_da_república viesse acreditar possível desastre vitória segundo turno agora momento pessoa refletir pessoa pensar sobre brasil próximo 4 ano brasil pessoa próximo década pt brasil durante década meia refletir último ano forma negativo retornar todo quadrilha instalar sob lula dilma certamente ainda dificuldade reconstrução país outro 4 ano péssimo exemplo pessoa dever cumprir pena cadeia crime cometer liberar cadeia gambiarra jurídico supremo_tribunal_federal processo anular golpe população brasileiro dar supremo_tribunal_federal gostar deixar claro entender segurança jurídico agora concorrer presidência_da_república luiz_inácio_lula_da_silva vender ilusão futuro corresponder realidade fato administração petista verdade verdade parlamentar independente eleger reeleger proposta princípio valor afasteer mantive palavra sobre tudo comprometi enter sim divergência jair_bolsonaro governador reeleger minas_geral zema hoje entrevista folha_de_spaulo 70 convergência bolsonaro 30 divergência pouco deixar claro convergência projeto pt zero convergência projeto corrupto incompetente pt zero pessoa agora dúvida votar primeiro turno votar branco votar nulo hoje grande responsabilidade grandeza buscar demonstrar deixar lado diferença deixar retornar país projeto dar certo nenhum lugar mundo digamme país onde experiência socialista dar certo nenhum sempre encontrar desculpa lá venezuela mostrar socialismo cuba coreia_do_norte argentina sempre arranjar desculpa fracasso socialismo fracasso marxismo dar certo elite partidário defender elite acadêmico defender sim aliás ganhar regime encher bolso dinheiro salário benefício privilégio corrupção obviamente bem obviamente marxismo socialismo comunismo maravilha bom pessoa iludir eventualmente vida benesse elite comunista socialista petista talvez esperançar dia crescer vida jeito correto jeito certo meio esforço mérito meio trabalho dignificar verdade homem deixar diferença lado inclusive mágoa lado ressentimento lado alguém duramente atacar inclusive fake news repudio disseminar bolsonarista alguém durante campanha eleitoral enfrentar campanha sujo todo todo aliás concorrente deputado_federal apoiador correto apoiar presidente_bolsonaro deputado_paulo_ganime gente olho exclusivamente voto eleitor espalhar fake news conquistar voto si ressentimento mágoa contrário ainda reeleger convicção deixar questão pequeno pessoalmente afetar deixar questão pequeno cegar diante realidade desastre governo luiz_inácio_lula_da_silva voltar pt pt adorar lenin adorar stalin adorar ditador comunista comunismo igual nazismo igual fascismo tudo farinha saco ditadura totalitário conseguir entender leia hannah_arendt leia pouco históriar veja realidade ver acontecia união_soviético ainda acontecer hoje coreia_do_norte tão maravilhoso fechar imprensa entrar lá documentar maravilha coreia_do_norte cair muro_de_berlim pessoa sair lado comunista socialista passar outro lado capitalista liberdade pessoa fugir cuba miami estados_unidos americano cuba principalmente jovem começar vida agora pensar tanto jovem mundo afora gostar sair garra ditador comunista ditador socialista simplesmente opção mau ainda simplesmente conhecer opção cubo 100 pessoa alfabetizado ok ler ler governo autorizar alfabetizada leer tudo propaganda verdadeiro normalmente mentira oficial socialista comunista todo leer ler governo autorizar conhecer opção aí perigoso avizinhar brasil triste ver máquina propaganda petista iludir pessoa brasil maravilhoso época lula agora vender esperança brasil época prosperar apesar lula causa apesar corrupção incompetêncio pt época bonança internacional sob dilma tanto ainda cometer crime pedalada fiscal sofrer impeachment momento difícil momento divisão água brasil momento sim pessoa votar jair_bolsonaro deixar diferença lado certamente diferença grande igualar falta total convergência projeto antidemocrático corrupto ditatorial representar candidatura luiz_inácio_lula_da_silva pt
61,2,0.9996570348739624,sr_presidente ver semana verdade anterior começar pingar rio_grande_do_sul primeiro recurso fundão eleitoral conta campanha principalmente candidato deputado_federal principalmente reeleição vejor desigual batalha chegar lá novato concorrer reeleição chegar lá chegar câmara_dos_deputado chegar lá caso vitória usuário fundão eleitoral comparação àqueles utilizar dinheiro público imoral caso caso adriana_ventura pronunciar pouco primeiro chegar novato percebese dificuldade acesso dinheiro público supostamente democratizar acesso povo parlamento ver receber dinheiro conta olhar lá divulga_cand tse câmara_dos_deputar algum exceção algum exceção caso mulher cota mulher receber federal estadual concorrer chegar exemplo câmara_dos_deputar detrimento mulher ainda parlamentar psol aliás deputada_adriana_ventura fundão criar época pt bom lembrar época lavajato tentar incriminar empresa corromper político acabar doação empresa acabar doação cnpjs culpabilizar empresa corrupção estatal corrupção pt partido época aliado culpabilizar empresa criar imoral fundão eleitoral patrocinar pt obviamente favorecer gostar mamar teta principalmente partido esquerdo generalização cada vez grande vontade agarrar teta estatal partido exemplo psol lá rio_grande_do_sul representação fernanda_melchionna câmara_dos_deputar distribuía recurso principalmente deputado_giuseppe_riesgo candidato reeleição deputado_estadual utilizar fundão post dia mostrar dinheiro psol direito quase metade rio_grande_do_sul campanha reeleição fernanda_melchionna renovação deputado_tiago_mitraud dinheiro campanha aliás mulher branco outro minoria psol turma todo supostamente beneficiar dinheiro público chegar parlamento falácia dinheiro usar garantir àquele acesso fonte financiamento chegar grande parte partido político filiar perceber dinheiro brasília segundo ponto sobre abrer mão utilizar dinheiro todo candidato novo algum outro partido querar ressalva elogio decidir curvar financiamento público campanha diferença utilizar financiamento estatal receber doação privado voluntário concordar ideia dificuldade conseguir doação compensar sentimento vitória cada novo doação entrar parceria associação eleitor ajudar campanha apenas promessa voto recurso suei conquistar meio trabalho honesto honrado comemorar cada doação vaquinho contar agora difícil sim dificuldade compensar gratidão sentimento vitória aumento campanha aumentar medida conseguir arrecadação tribuna todo auxiliar campanha sempre usar eleger nenhum centavo dinheiro público eleição passado achar arrecadar bem realmente agradecer parlamentares_federal conseguir arrecadar recurso privado concordar ideia campanha pensar bem campanha orçar perto 2 milhão real junto demais candidato deputado_estadual achar dinheiro cara campanha pensar bem arrecadei quase primeiro milhão quase metade orçar vejo concorrente usar dinheiro público receber diretamente conta 2 milhão 25 milhão real pequeno esforço correr atrás doação privar correr atrás financiamento queixo contrário repito satisfeito campanha satisfeito campanha fiz eleição passado satisfeito apoio voluntário pessoa pensar democracia aprimorar brasil meio financiamento privado ver quanto lamentavelmente parlamentar generalizar sim parlamentar subjugamse vontade cacique partido hora voto acesso dinheiro público nefasto imoral campanha eleitoral dinheiro público corromper democracia triste ver triste receber dinheiro reeleito expectativa atuar mar sob ordem detentor caixa financiamento público sob ordem povo meio voto meio eleitor legitimamente pressionar parlamento acordo pauta dia dia sr_presidente relato breve importante momento campanha elogiar vez todo dispor concorrer democracia todo candidato especial utilizar dinheiro público campanha reconhecimento demonstrar possível sim eleger utilizálo possível sim elegerse deputado_federal chegar apenas doação voluntário possível sim mudar cultura político país esperar sinceramente bancada ver acontecer aumente dobrir tamanho demonstrar tendência sociedade rechaçar utilização fundão rechaçar utilização dinheiro público campanha aprovar apoiar registro sr_presidente deixar tribuna disposição próximo parlamentar utilizar caso deputada_adriana_ventura apontar colega partido_novo sr_presidente
64,2,0.9996218085289001,obrigar sr_presidente caro colega subor tribuna sobre voto período campanha eleitoral candidato rua propaganda verdadeiro outro mentirosa então existir vários aspecto sobre trazer primeiro constatação viver tempo sombrio parecer valor completamente invertir algum achar melhor gastar dinheiro população campanha político refirar 5 bilhão real fundo_eleitoral ouvir bastante querar repetitivo ainda ouvir sobre gastar 45 dia 5 bilhão real torrar dinheiro santinho bandeirinha carro som afim valor pessoa ideia além centena milhar casa popular construír governo matar fome gente orçamento 5 bilhão real grande gastar país saneamento então assunto gravíssimo achar pessoa tomar apatia apatia político apatia moral normalizar corrupção bandidagem existir bandido candidato gente olhar terror vida existir gente aplauder bandido momento delicado país parte população ficar assustadíssimo todo razão ficar assustadíssimo saber quê meio tudo ficar preso monte narrativa mentiroso ficar jogar culpa outro agora meio tudo ver período eleitoral período período campanha período importantíssimo população preparar dar resposta urna contente representante senador governador tireo tireo posição reeleja reeleição inclusive excrescência reeleição executivo dever existir governo ficar refém governador prefeito ficar refém reeleição virar populista marca grande tudo função reeleição então aprovar qualquer coisa absurdo vejor candidato tanto absurdo todo candidato dar isenção categorio dar aumento categoria b ano eleitoral vergonha falta coragem falto decência dinheiro pagar responsabilidade zero então pedir população todo ouvir votar conscientemente escolham candidato façam voto útil primeiro turno existir votar ne acreditar sobre pesquisar cujo ideia aceitar candidato lado outro candidato cujo história pessoa pesquisa candidato trabalhar sério cumprir prometer conto ilusão monte história carochinha pessoa vir mundo existir aprovar coisa saber pagar bastar ver acontecer último aprovação profissional determinar categoria demitir demitir 100 mil 200 mil profissional instituição fechar razão irresponsabilidade populismo barato algum meio todo inversão valor votar certo perceber voto mudar cenário responsabilidade votar responsabilidade cada reclamar resultado votar resolver votar branco nulo resolver justificar votar pessoa votar votar branco votar nulo direito reclamar momento sim escolha bom consciente ver cenário disputar presidencial todo mundo ficar discutir cá lá olhar cena dantesco lado mensalão petrolão corrupção expresidiário coisa nefasta outro lado monte populismo retrocesso combater corrupção orçamento secreto aliás esperar hoje saber onde 20 bilhão real 2 ano orçamento ninguém saber onde ninguém prestar conta relator então peçar favor votar acreditar primeiro turno primeiro turno fazermos voto útil menos mau país aguentar eleger menos pior menos mau votar 2018 menos mau fizemos monte coisa sair inércia população dê resposta ler site pesquisa vi levantamento dar conta 97 pesquisa errar feio 2018 sobre primeiro turno 97 pesquisa diferença 10 ponto 12 ponto exemplo engraçado governador_de_minas_geral contar fim primeiro turno praticamente fechar gabinete imaginar segundo turno lá governador_de_minas_geral romeu_zema primeiro turno remontar comitê pesquisa coisa errar 22 indeciso ainda mudar cenário eleição então votar conscientemente escolher represente responsabilidade pedir obrigar sr_presidente
155,2,0.9994950890541077,novo  sp revisão orador sra_presidente concessão palavra sra_presidente chover molhar pec  kamikaze quanto prejudicial país expliquei hoje cedo algum pessoa rede sobre kamikaz piloto suicir derrubar avião cima navio explodir tudo piloto suicidar comando país derrubar boeing brasil cima brasileiro pec kamikaze deixar negócio passar então sra_presidente momento brasil outro prioridade momento economizar dinheiro reforma administrativo privatizar correio acabar supersalário matéria parar senar pec kamikaze estourar teto fim picar lá interior são_paulo interior são_paulo olho situação santas_caso sra_presidente tanto santas_casas levar estado_de_são_paulo costa atenção devir governo_estadual exemplo reajuste 10 ano descredenciar acumular tudo outro santa_casa trabalhar duro deputado_federal líder bancada paulista durante 2 ano ajudar santas_casas receber dinheiro saber quê envio verba responder critério político caro colega chegar critério político chegar política político hora fazermos política pessoa recurso voltar cada brasileiro saúde digna estado_de_são_paulo brasil todo santas_casas prioridade santas_casas levar pessoa costa tratar todo carinho falta prioridade sra_presidente furar teto pec kamikase levar boeing brasilzão chão lembrar segurança público todo brasil segurança público desastre são_paulo passar todo limite andar celular cidade_de paulo cara tomar celular todo mundo saber onde levar rua   guaianase centro_de_são_paulo todo mundo saber onde receptador comprar celular governo nada prioridade estourar lugar meter pé porta lá botar todo mundo cadeia falta integração falto priorização recurso público âmbito federal âmbito estadual segurança público forte falta integração polícia chegar papo separar corporação polícia_militar rua força bem remunerar bem reconhecer polícia_civil inteligência integrar dado cima guarda_civil_metropolitano gcm espalhar receber discutir pauta guarda guarda_civil   metropolitano congresso 130 município estado_de_são_paulor gcm bem reconhecer integrar polícia_militar polícia_civil polícia cidadã guardar policiamento bairro bairro cidade desguarnecir garantir segurança troca tiro bandido botar bandido cadeiar acabar gcm gente então olhar integrálo hora unir dividir brasil segurança público união polícia_militar polícia_civil todo mundo valorizar integrar guarda_civil   metropolitano  saúde segurança público problema vivo são_paulo todo mundo viver cada estado certeza voltar terminar absurdo pec ke amikase prazo eleitoral pec eleitoral político fiscal populista eleição brasileiro merecer piloto desgovernar iludir população levar boeing chão brasileiro merecer alguém liderar exemplo corte gasto carne antes cortar povo prometa benefício verdade benefício suicidar povo
17,2,0.9994799494743347,sra_presidente deputada_rosangela_gomes parabéns condução sessão tarde hoje parabéns caminhada político tão bonito vexo querar tribuna momento tão especial todo democracia celebrar campanha eleitoral permitir chegar vitória último dia 2 outubro 256913 voto gaúcho gaúcha sair domingo manhã domingo tarde urna votar continuar representandoos câmara_dos_deputado entender campanha trabalho venho parar parar todo gaúcho dar enorme oportunidade honra seguir representandoos parlamento_brasileiro querar segundo turno enfático sobre rumo país tomar depender vitorioso dia 30 outubro urna independente longo mandato coerente posição posição partido partido_novo slogan campanha coragem coerêncio favor brasil votar saber votar alguém independente acima qualquer conveniência político colocar defesa princípio valor princípio valor defendir eleitor sra_presidente caro colega parlamentar confundido alguém extremos alguém aliar indiscriminadamente figura político digar alguém independente observador históriar político internacional momento divisão água viver brasil vez encruzilhada tomar posição ainda divergência presidente_bolsonaro expressas tribuna meio voto convergência nenhum projeto totalitário corrupto partido_dos_trabalhador legar país quebrar impeachment dilma_rousseff legar país instituição carcomir corrupção institucional mensalão petrolão deixar país dividir sobretudo ataque ideologia marxista principal valor liberal conservador repito votarei segundo turno jair_bolsonaro apelo sra_presidente principalmente primeiro turno votar votar candidato representar dois proposta vitorioso primeiro turno caso votar felipe_davila àquele anular voto votar branco importante saber rumo nação vir passado brasil acontecer venezuela argentino lá gente isentar inclusive venezuela chávez começar endurecer regime oposição boicotar eleição decidir participar resultado aí chávez morrer regime vivo nunca lamentavelmente oprimir povo venezuelano nicolás_maduro regime financiar dinheiro imposto brasileiro meio governos_do_pt rumo país hoje ideal tanto permanecer independente câmara_dos_deputado bom alternativa dar condição preparar partir chegar próximo eleição saber apoio povo brasileiro presidência_da_república sra_presidente apenas concluir resultado espetacular minas_geral romeu_zema declarar apoio agora segundo turno candidatura jair_bolsonaro vencer primeiro turno amplo margem votação justamente pt aliar todo condição chegar eleição 2026 candidato presidência_da_república todo brasileiro passar eleição evitar país durante próximo 4 ano outro vez tomar assalto dinheiro pagador imposto brasileiro desviar ditadura amiga percir liberdade individual direito todo sra_presidente manifestação acerca importância voto segundo turno deixar votar decisão dia 30 definir rumo brasil sra_presidente
13,3,0.9997007846832275,deputada_presidente_erika agradecer amigo colega bancada deputado_marcel_van_hattem orgulhome lado bancada novo próximo ano certeza continuar exercer trabalho magnífico deputado_federal longo quase 4 ano orgulho trabalhar lado resultado expressivo urna comprovar qualidade trabalho meio desempenho eleitoral infelizmente continuar reelazer deputado_federal tentar alçar novo rumo carreira político candidato governo_do_rio_de_janeiro candidatura bem difícil orgulho saber fácil lutar contra fundo eleitoral eleger gastar cerca 15 milhão real segundo colocado 105 milhão terceiro colocado 105 milhão tudo praticamente fundo eleitoral enquanto novo convicção usar fundo eleitoral campanha governador ver tanto coisa rio_de_janeiro tanto pessoa passar fome tanto pessoa emprego tanto pessoa dificuldade locomover contar transporte funcionar tanto pessoa perder parente fila sistema regulação fila funcionar falta vaga cirurgia exame faltar dinheiro tanto pessoa educação qualidade faltar recurso má gestão confessar hoje vejor tudo ainda convicção eleger governador_do_rio_de_janeiro tomar decisão certo usar fundo eleitoral milhão real usar melhorar vida pessoa campanha político cada papel político vida pessoa papel lutar acreditar acima qualquer resultado eleitoral acima qualquer resultado pessoal individual convicção tomar decisão certo combater má política dominar estado_do_rio_de_janeiro década cinco governador presos sexto sofrer impeachment longo campanha digar agora atual governador infelizmente reeleger claro torçar rio_de_janeiro faça bom governo sim torçar sucesso rio sucesso qualquer político contar esperar consiga conduzir rio_de_janeiro bom forma possível história difícil acreditar nisso história passado longínqua história recente governo atual conseguir comprometer prometer sugerir governo futuro ontem segundo anunciar jornal vir convidar antigo governador rio_de_janeiro pezão compor governo instituto_rio_metrópole conduzir político público região_metropolitana_do_rio_de_janeiro denunciar debate campanha reeleição governador cláudio_castro representar representar perpetuação má político rio_de_janeiro grupo político responsável destruição estado_do_rio_de_janeiro inclusive governador_pezão prender lista cinco exgovernador presos agora trazer exgovernador governo princípio proibir justiça ocupar qualquer cargo público governo_do_estado_do_rio_de_janeiro intenção governador vontade governador vontade ruptura estado_do_rio_de_janeiro mal população intenção perpetuação coisa errar instalar década governo_do_rio_de_janeiro resultado diferente coisa sempre triste realidade triste ver eleição milhão real fundo eleitoral bilhão real cedae injetar prefeituras_dos_municípios bem sim conseguir apoio político apoio político natural saudável legítimo atrás usar vulnerabilidade pobreza dinheiro dever usar melhorar realidade rio_de_janeiro usar conseguir garantir reeleição governo bem população rio_de_janeiro triste ver ficar segundo lugar todo saber vencer governo tamar rejeição sempre representar político contra todo pauta população rio abraçar pauta rejeição tamanho contar medo reeleição pessoa acabar optar perpetuidade atual governo juntese dinheiro fundo máquina polarização âmbito nacional resultar campanha complicar orgulho representar possibilidade renovação político rio_de_janeiro esperança menos quase 450 mil eleitor votar opção renovar gestão público levar novidade político rio_de_janeiro comigo rua rede social votar votar medo contra outro candidato favor renovação político favor rio_de_janeiro esperar tendência medo momento medo imperar político vez tomer decisão inclusive bom sim aspa menos piores suplantar longo próximo ano próximo década possamos conduzir política brasileiro convicção bom medo outro opção menos mau assim evoluir país rio_de_janeiro cidade político optar representar bom população brasileiro medo mau população rio_de_janeiro antes concluir mudar assunto hoje dia_nacional_da_pessoa_com_deficiência_física deputada_erika_kokay começar mandato câmara_dos_deputar dia 1 fevereiro 2019 repórter conhecer entrevistar chegar ah ver pessoa deficiêncio então pauta pauta pessoa deficiência certo preconceito associar fato pessoa deficiência fato dever naturalmente pauta dia respondi caso verdade nortear campanha 2018 apesar deficiência nunca tomar principal pauta longo mandato deputado_federal ainda candidato governo_do_rio_de_janeiro pauta chegar vigor governador tratar todo tema então aprender sobre tema aprender sobre dever governador_do_rio_de_janeiro pauta endereçar forma correto hoje reconhecer sorte pessoa deficiência nascer família dar saúde educação educação formal educação tornar pessoa pois apesar deficiência luto bom vida vida pessoa esperar todo pessoa deficiência rio_de_janeiro hoje ainda principal pauta pauta bastante carinho respeito sobre certeza debruçar ainda longo próximo ano independentemente papel político saber educação qualidade tratamento adequado saúde reintegração pessoa integração nascer deficiência permitir sociedade justo diverso acessibilidade todo sentido acessibilidade físico rua calçado lugar público privar acesso mercado trabalho vida cada vez digna achar lutar sociedade tratar forma real concreto medida paliativo medida ajudar desde primeiro infância nascer algum deficiência adquirer longo vida mudemos realidade verdade vida pessoa deficiência tempo adicional tempo
18,3,0.9994548559188843,obrigar caro colega hoje dia 5 outubro dia_do_empreendedor professora empreendedorismo deixar subir tribuna mostrar importância empreendedorismo frase célebre ronald_reagan bom programa social emprego adorar parafrasear frase hoje digar bom programa social brasil empreendedorismo através conseguir tirar pessoa pobreza gerar riqueza dar dignidade dar autonomia pessoa chegar tanto assistencialismo chegar deixar pessoa sempre dependente hoje dia importante celebrar dia pensar autonomia pensar liberdade pensar dar escolha pessoa hoje pessoa escolha hoje pessoa deixar justamente fato termos reforma necessário hoje brasil 60 milhão empreendedor 60 milhão empreendedor protagonismo autossuficiência dignidade então perguntar passo outro capítulo congresso deixar pessoa gerar riqueza entrar pauta político momento nunca política entrar político contar escândalo corrupção pt entrar política indignar tanto escândalo corrupção tanto centena bilhão desviado tanto estatal sugar tanto mensalão tanto petrolão jamais votar pt jamais vot pt querar novo pt nenhum tipo convergência nenhum tipo afinidade visão econômico questão liberdade dar cidadão liberdade escolha liberdade econômico liberdade individual pt controlar tudo controlar imprensa controlar estatal deixar pessoa empreender gerar riqueza reforma tributário reforma administrativo contra reforma administrativo pagar conto elite funcionalismo pobre alguém defender pobre luta contra privilégio mentira mentira canalha único maneira defender pessoa pobre país dar oportunidade base primeiro defender escola público qualidade saber hoje defender corporativismo educação hoje defender tudo menos qualidade educação ninguém preocupado aprendizagem perder todo mundo defender sindicato corporativismo educação escola fechar todo mundo defender oportunidade base pobre existir então balela ver questão privilégio defender reforma administrativo entrar mérito pec 32 achar melhorar luta contra privilégio elite defender pobre discurso mentiroso discurso canalha defender facilidade pobre empreender liberdade jamais votar pt defender liberdade indivíduo defender autonomia pessoa deixar pobre dependente estado dependente máquina andar dependente saúde chegar educação nunca dar oportunidade todo pessoa querar longe país longe vida afirmor categoricamente nunca votar pt nunca votar condenar sentença anular condenar vários órgão colegiado nunca votar expresidiário vergonha país retrocesso bater mão peito achar defender democracia bandido enganar ninguém discurso lindo vejam digar divergência governo_bolsonaro muita defender governo_bolsonaro voto presidiário corrupto ladrão tirar milhão matar milhão pobreza miséria cima sangue pobre bater peito defender classe trabalhador conto vigário esperar ninguém caia pt nunca obrigar sr_presidente
209,3,0.9993797540664673,novo sp discutir revisão orador obrigar caro colega bom dia bom primeiramente discussão ldo comissão   mista_de_orçamento coisa aprovar devir discussão coisa atropelar sim acordo maioria presente coisa passar branco coisa visão visão partido_novo coisa bem grave antes entrar discussão parabenizar algum tentativa avanço sim relatório lei_de_diretrizes_orçamentárias digo tentativa avanço intenção melhorar transparência dar nome autor emenda parlamentar coisa vir omitir propositalmente versão anterior então gostar enaltecer esforço realmente então hoje caso buscouse transparência emenda relator presente momento outro avanço sentido regrar algum coisa pendente assim posicionamento relação lei_de_diretriz   orçamentário continuar contrário razão elencar apesar tirar impositividade emenda relator mau texto sombrar nenhum ainda continuar art 13 ficar reservado emenda relator loa transferir executivo obrigação relatório flexibilização meta resultado primário vários orçamento vários critério diferente então gente ver ainda tentativa burlar usar dinheiro maneira inflar distribuir benesse agora sobre emenda relator ontem coisa criminalização político transparência todo parlamentar receber mentira mentira  primeiro coisa querar todo receber segundo coisa gostar deixar claro presidente_do_congresso_nacional rodrigo_pacheco enviar ofício todo parlamentar informass valor quanto receber 429 parlamentar responder 329 responder valor 33 responder dar valor nenhum 66 parlamentar afirmar receber dinheiro nenhum agora absurdo 200 parlamentar responder 200 quase 200 parlamentar responder ofício rodrigo   pacheco enviar cada gente dinheiro público vergonhoso agora causa estranhezar gente período dois ano r 36 bilhão r 36 bilhão somar planilha resposta gente chegar r 10 bilhão r 11 bilhão onde r 26 bilhão então gostar apelo gente trazer fato trazer número dado público lista jornal   globo inclusive detalhar falta critério valor r 400 milhão r 300 milhão r 100 milhão algum parlamentar pouco 10 parlamentar 54 parlamentar  soar campainha novo sp receber metade verbo vergonha então vir transparência vir todo mundo receber vir secreto mentira desafio todo relator 2020 2021 2022 apresentar lista r 16 bilhão r 18 bilhão r 20 bilhão nome todo parlamentar contemplar lista existir desafiar obrigada sr_presidente
156,3,0.9993696808815002,novo mg revisão orador nome pec pec   kamikaze pec mentira inúmero mentira fake news respeito pec primeiro mentira relação objetivo pec estender mão população simples ora nunca ver estender mão beneficiar alguém aumentar preço produto inflação causar nunca ver estender mão alguém aumentar carga tributário compensar tamanho ampliação dívida brasil várias outro mentira iten fake acumular longo tramitação pec primeiro falso tramitação pec congresso pec vir senar dever comissão_de_constituição_e_justiça   da_câmara avaliar constitucionalidade apensar pec objetivo completamente diferente ritmo tramitação avançar outro falsidade dar parlamentar oportunidade emenda pec prazo emenda proposta emenda constitucional dez sessão dar apenas dois sessão apresentar emenda algo impossível coletar 171 assinatura apenas 2 dia contabilizar prazo sessão inclusive sessão fake sessão durar 1 minuto achar chegar durar incrível 2 minuto resto sessão fake abertas segundasfeira plenário sextasfeiras plenário sessão fake manhã novo regimentalmente pedir tempo liderança pronunciar recusar mesa algo antirregimental admitir próprio presidência_da_câmaro erro recusar tempo liderança_para_o_partido_novo sessão fake manhã semana passado acumularamse inúmero mentira inúmero farsa tramitação inúmero atropelo processo legislativo cereja bolo chamar assim vir manhã hoje mudança ato mesa completamente casuístico medida aprovar pec viase noite ontem grande dificuldade manter texto original viuse perder votação destaques noite ontem independentemente problema internet convenhar internet câmara dar problema todo hora entrar mérito causar problema internet noite ontem solução evitar novo problema internet votação puder 100 internet nunca ver resolver problema internet agora todo mundo votar internet vir plenário saber 308 voto destaques aprovar texto integralmente vir senar lamento hoje acúmulo farso tramitação pec casa inúmero farsa processo legislativo inúmero farso relação cumprimento regimento_interno lamento população brasileiro pouco 90 dia eleição novamente enganar governo liberal algo nunca jair_bolsonaro nunca liberal esperar menos ministério_da_economia mantiver promessa ministério_da_economia liberal tempo saber tanto próprio ministro autor apelido kamikaze pec ontem infelizmente coragem chamála pec responsabilidade fiscal nada fake caro colega conjunto obra aprovar pec hoje
133,3,0.9993113875389099,sr_presidente caro colega parlamentar normalmente usar termo plural dia hoje apenas menos início sessão companhia parlamentar paraíba conosco plenário gostar inicialmente tratar outro assunto deputado_frei_anastacio_ribeiro único parlamentar momento plenário entender prefiro lamentar fato começar semana segundafeiro tão baixo quórum presencial câmara_dos_deputado mau tendose decidir semana passado apenas sessão segundo sexta virtual tarde hoje receber comunicar igualmente virtual sessão terça quarto quintafeira semana achar vergonha parlamento sr_presidente vergonha deputados_federal passar sociedade brasileiro impressão realidade valer campanha eleitoral trabalho legislativo fiscalização câmara dever produzir claro colega novo gilson marques lei aprovar ruim sociedade defendir somo câmara legislar bem sociedade legislar verdade sr_presidente dever assim dever premissa ver agora durante semana voltar recesso sessão integralmente virtual permitir portanto parlamentar ficar base votar celular debater projeto câmara_dos_deputar reforçar visão eleitor participação plenário importância pequeno parlamentar deputado_federal manterse voltar cá reelegerse prioridade esmagador maioria colega achar pena sr_presidente parlamentar primeiro mandato deputado_estadual rio_grande_do_sul antes pude concluir mandato 4 ano rio_grande_do_sul suplente março 2018 sair assembleia_legislativo dediquei précampanha desde então dia eleição confessar diferente situação momento parlamentar durante período préeleitoral ainda pude focar tanto outro focar buscar reeleição brasílio segunda permanecer longo semana dedicar trabalho parlamentar talvez vir prejudicar urna focar précampanha campanha aliás começar oficialmente dia 16 agosto importar sr_presidente importar represente bem 349855 eleitor mandar outubro 2018 brasília trabalhar representálos lá base verdade porém representar trabalho parlamentar fiscalizador exclusivamente campanha eleitoral ainda lá conseguir conciliar entretanto decisão ponto ver ainda cima antirregimental resolução acima regimento tornar todo sessão assim hoje tarde virtual decisão apequeno parlamento diminuir câmara_dos_deputado congresso_nacional repito reforçar lamentavelmente opinião povo brasileiro maioria importar permanecer salário benesse verba cargo parlamentar importar eventual benefício pessoal benefício social gerar brasília trabalhar base trabalhar mandato parlamentar
28,4,0.9991248250007629,trecho medida provisório destacar buscar excluir texto governo bolsonaro atacar teto constitucional tentar furar teto remuneratório servidor ano passado editar decreto teto duplex aumentar salário próprio presidente_da_república aumentar salário vicepresidente_da_república 60 mil real vários ministro além óbvio centena milhar verdade servidor começar acesso chamar teto duplex receber acima teto constitucional medida provisório abrir novo porteira servidor caso servidor funpresp receber acima teto remuneratório teto remuneratório hoje 39293 real esperar continuar assim supremo_tribunal_federal aumentar próprio salário esperar câmara_barre inclusive bom projeto votar antes eleição vermos aprovar aumento salário stf aprovar enquanto projeto aprovar teto quase 40 mil real texto excluir medida provisório diretor funpresp receber 50 mil real verdade chegar 70 mil real remuneração penduricalho existente remuneração atual servidor funpresp digase passagem dinheiro funpresp gerenciar próprio servidor federal contribuir fundo agora parte contribuição supersalário gestor funpresp lógico criar fundo dar sustentabilidade previdência servidor agora parter recurso supersalário absurdo novo tentativa governo colocar teto constitucional remuneratório lixo segurar senar votação projeto fim supersalário gerar 2 bilhão real economia anualmente população brasileiro além aprovar fim supersalário projeto parar senar desde ano passado agora vir novo tentativa furar teto constitucional remuneração então peçar apoio parlamentar barrarmo inciativo retirar texto medida provisório parte furar teto constitucional dar supersalário servidor funpresp adianto faremos campanha contra aumento salário stf peçar voter texto
69,4,0.999082088470459,sra_presidente caro colega parlamentar pt contradição aprovar acordo brasil israel firmar inicialmente 24 novembro 2010 talvez prestar apenas atenção discurso anterior conheçer detalhe mensagem 42 encaminhar congresso_nacional dia 24 novembro 2010 lembrar presidente_da_república_federativa_do_brasil luiz_inácio_lula_da_silva primeiro acordo israel emendar chego motivo emendamento 2018 primeiro acordo assinar lula presidente_da_república agora pt colocar contra acordo firmar presidente_lula puro política puro ideologia puro contradição pena infelizmente vez narrativo sobrepõem estado palestino nada ver acordo acordo troca informação dois estado lamento deputada_erika_kokay confusão pt gostar governo triste brasil estado governo figurar chefe_de_estado presidente_da_república sistema presidencialista incorporar chefia chefiar governo vexo bem saber incauto talvez acompanhar apenas discurso vexo anterior informação dar tribuna vexo $2e dar agora acordo assinar lula emenda aprovar época temer presidente_da_república apenas adequar acordo novo lei brasil divulgação informação disponível público 2012 então sra_presidente caro colega parlamentar emenda retificar acordo tela lei_de_acesso_à_informação vigor desde 2012 época governo dilma concluir sra_presidente acordo portanto importante relação dois nação amigo dois estado cooperar matéria informação classificar evitar crime evitar série prejuízo ambos nação motivo nenhum rejeitemos acordo repito assinatura inicial governo_lula passar emendamento governo_temer agora durante governo_bolsonaro apenas confirmar parlamento nada político menos palestina envolver caso importante trazer informação claro todo contemos saber revisão posição pt voto favorável todo parlamentar
99,4,0.9989662766456604,novo mg revisão orador começar perguntar inúmero servidor lideranças_partidária gabinete próprio casa assistir sessão opinião caro servidor mesa_da_câmara baixasse resolução partir momento auxílioalimentação receber dinheiro contar bancário todo todo mês passar pagar partir cartãozinho cheio regra cheio burocracia relação gastar dinheiro cada certeza mudança norma câmara_dos_deputar relação pagamento auxílioalimentação servidor casa causar revolução dentro gente absurdo propor greve tutelar cada servidor obviamente autonomia sobre próprio dinheiro clareza suficiente sobre gastar dinheiro almoçar restaurante câmara pedir delivery comprar outro coisa inclusive alimento casa pois bem emenda quer todo brasileiro posser direito servidor câmara servidor executivo_federal receber auxílioalimentação dinheiro distorção estado_brasileiro acreditar cidadão comum capacidade gastar dinheiro restaurante outro forma nível tutelo estado_brasileiro relação dinheiro indivíduo acreditar brasileiro saber gastar obrigálo comprar cartãozinho refeição regra câmara diferente então regra poder_executivo diferente servidor público discernimento sobre gastar restaurante netflix trabalhador brasileiro coitar saber distinção todo trabalhador brasileiro direito servidor público receber auxílioalimentação dinheiro contar bancário decida bom destinação si distorção serviço público privado caso regra serviço público correto estendir todo brasileiro propor emenda dinheiro contar trabalhador gastar forma bem entender acontecer todo casa apoio todo
181,4,0.998912513256073,novo rs revisão orador r_presidente tratar mérito pec quebra interstício tradicionalmente partido_novo votar contrariamente quebra interstício tanto sessão quanto primeiro segundo turno justamente servir instrumento regimental grande debate aprimoramento texto apresentar mudança constituição vir último semana sinceramente aquém esperar parlamento discutir bem debate bem trazer tema conhecimento sociedade brasileiro meio comissão mérito especial plenário câmara_dos_deputar aquém ocorrer sessão relâmpago ninguém simplesmente abrer fechar contar prazo algo sirva realmente garantir devido processo legislativo algo apenas utilizar estratégia meio cortina fumaça prazo regimental cumprir entendimento entendimento apequenar parlamento deixanos pequeno faznos tratar regra regimental constitucional servir dar espaço diálogo debate aprimoramento proposta mero formalidade cumprir servir constituição  servir regimento_interno  servir sim regrar debate servir sim deixar formalizado todo etapa legislativo concernente cada trecho dividir processo legislativo discussão deliberação aprovação rejeição matéria somente servir sobretudo estado_democrático_de_direito preservar debate transparente cristalino sociedade forma sério novo encaminhar contra requerimento quebra interstício dois sessão sempre encaminha contrariamente todo requerimento apresentar importar mérito seguir procedimento demais pecs discussãor tarde hoje noite hoje sessão certamente estender ocorrer pecs anterior ocorrer futuro
140,4,0.9987117052078247,novo rs revisão orador achar conteúdo pec tão óbvio discussão quase expletivo pec deputado_paulo_eduardo_martins passar contar adiante onde vir dinheiro aprovar algo parlamento tratase simplesmente algum detalhe redação resumo dever sempre regra problema político brasileiro acostumouse aprovar dito benesse dar fonte recurso passar contar adiante fácil recentemente manifestação fiz prefeito confederação_nacional_dos_municípios fácil deputado_federal vir vota pagar conta passar conta município pagar exemplo gratuidade todo sorte onde vir dinheiro suprir necessidade fático pagar serviço obrigatório partir votação verdade existir gratuidade existir almoço grátis favorável pec 122 sempre favorável independentemente existência pec sempre postura demonstrar onde sair cada centavo pagar qualquer política público propor brasília resumir concluir sr_presidente henry_hazlitt livro chamar economia único lição existir nenhum benefício setorial parte sociedade pagar todo restante repito nenhum único zero nenhum único benefício setor sociedade classe sociedade pagar todo resto sociedade resto utopia usar palavra bonito verdade demagogia favorável pec 122
66,5,0.9996867179870605,exmo r_presidente caro colega parlamentar estarrecedor acontecer semana passado decisão ministro_do_supremo_alexandre_de_moraes tornar público tarde solicitar bom ordenar quebra sigilo telefônico telemático bloqueio conta bancário série cidadão brasileiro aliás possuir foro privilegiar prerrogativa foro julgar supremo_tribunal_federal acontecer semana passado sr_presidente gravíssimo vexa presidir sessão deputado_lafayetter saber bem aliás dar aula respeito tanto plenário quanto comissões_desta_casa impossível anuirmos parlamentar liberdade cidadão ferir morte dever resguardálas suprema_corte_da_repúblico supremo_tribunal_federal ministros justamente analisar cada processo luzr constituição atuar contra recebi ler pouco pedir polícia_federal quebra sigilo risível claro perseguição político ficor realmente abismar pedir peça leio fábio_alvarez_shor delegado_da_polícia_federal solicitação atendir ministro_alexandre_de_moraes agridir agridir liberdade individual direito fundamental cidadão brasileiro forma ver sequer período ditadura país forma observar ditadura mundo afora absurdo independentemente conteúdo manifestação grupo privado whatsapp cujo teor aliás sequer interesse conhecer afinal conta repito grupo privado discutir mesa jantar dentro casa alvo devassar estado menos publicizar forma sabese lá vazar mensagem agora tornar claro apenas matéria jornalístico embasar decisão ministro_alexandre_de_moraes querar forma bem claro sr_presidente caro colega parlamentar tão notório perseguição político contir intuito decisão reverberar contrariamente àquele perseguição tanto instituição pois decisão fragilizar suprema_corte república verdade preocuparse imagem função papel institucional ficar fortalecido corte fato guardar constituição quanto interessado outro campo espectro político brasileiro ver reação hoje apoiador exemplo presidente_bolsonaro dedicar forma ainda forte campanha candidato virtude interferência suprema_corte polícia_federal processo político falor sr_presidente independente câmara_dos_deputado alguém partido aliás próprio candidato presidência_da_república partido_novo condição ficar apenas espectador polarização denunciar crime policial federal despacho absurdo sr_presidente considerar antigo hegemonia esquerdo desafiar outro lado espectro político apoiador aparato estado utilizar tal perseguição político peçar vexo sr_presidente tolerância usar 2 minuto gostar lembrar polícia instituição supremo agir ideologicamente menos destemperadamente preciso equilíbrio fidelidade regra jogo estado_democrático_de_direito triste ler despacho policial federal tratar lá tanto ditar ideologia conservador ameaçar estado_de_direito golpear democracia forma retumbante comprovar justamente pt longo história tanto próprio lula cadeia sim liberar inocentar crime graças golpe bom gambiarra jurídico supremo_tribunal_federal cep vejam bem local julgar cep adequado crime entanto ocorrer dinheiro devolver golpe democracia dar supremo anuir ficor triste linha sobreviver grupo sequer whatsapp país aliás grupo esquerdo defender ditadura proletariado grupo dce devassar levar todo mundo diretamente xilindró diretamente cadeiar liberdade expressão mantir país dever defender acima tudo estado_democrático_de_direito constituição tempo difícel vir hoje liberação segredo justiça despacho polícia_federal declarar público despacho ministro_alexandre_de_moraes supremo_tribunal_federal despacho tornar público lamentavelmente dizíamos semana passado tudo ocorrer primeiro vez confirmar perseguição político golpe instituição infelizmente promovir defender democracia usar artifício inconstitucional defender constituição forma defendêla forma destruílar usar artifício antidemocrático defender democracia forma defender democracia forma destruíl apenas sr_presidente permanecer alerta todo situação apelo senado_da_repúblico sentido quede inerte hoje pois função abrir mão prerrogativa trabalhar alteração inclusive legislativo forma indicação membro supremo reforma judiciário tão importante entretanto senado_da_repúblico papel fiscalizar supremo_tribunal_federal competir abertura processo impeachment ministro supremo_tribunal_federal aliás apoio milhão milhão brasileiro senador república ajam candidato senar pronunciemse povo cobrar eleição lado constituição estado_de_direito verdadeiro vitorioso assim brasil sair vitorioso sr_presidente
191,5,0.9995161890983582,novo rs questão ordem revisão orador  formulo questão ordem fundamento arts 66 1 76 89 95 8 todo regimento_interno_da_câmara_dos   sessão deliberativo extraordinário plenário hoje  iniciar vicelíder partido novo pretender usar tempo comunicação_de_liderança partido informeir mesa enviar designação prerrogativo regimentalmente garantir líderes_partidários forma arts 89 66 1 regimento_interno sobre discorrerar vagar entretanto exercício encerrar sessão conceder palavra atitude tomar ocasião desrespeitar frontalmente disposto arts 66 1 89 regimento_interno preceituar art 66 1 qualquer tempo sessão líder pessoalmente mediante delegação escrito vicelíder comunicação destinar debate torno assunto relevância nacional art 89 comunicações_de_liderança referir 1 art 66 regimento destinamse líder uso palavra período tempo proporcional número membro respectivo bancada pequeno três minuto grande dez minuto parágrafo único facultar líder cessão si tempo restar lembrar sr_presidente regra contir artigo supramencionar observância imperativo perspectiva líder vicelíder delegação gozar prerrogativa utilizar palavra qualquer momento sessão segundo preferência valer lembrar sr_presidente trecho decisão vexo recurso 4 2022 anular deliberação comissão_de_direitos_humanos minorias_da câmara_dos_deputado justamente virtude colegiar desrespeitar tal prerrogativa parlamentar vejamos asseverar vexo ocasião negativo concessão tempo liderança condição postas suficiente macular aprovação requerimento 47 2022 comissão_de_direitos_humano minoria sr_presidente requerer vexo cancelamento sessão deliberativo extraordinário plenário iniciar hoje exercício encerrar sessão conceder palavra comunicação_de_liderança anulação deliberação ocorrir comissão_especial tratar biocombustível manhã hoje vez cancelamento sessão plenário prazo dois sessão decorrente pedir vista pec 1522 transcorrir esperar relação acontecer manhã decisão coerente vexo decidir relação ocorrer comissão_de_direitos_humano minoria acontecer hoje reitero gravíssimo sob ponto ver respeito regimento_interno democracia direito partido pronunciar pedir palavra informar mesa obtivemos direito obviamente macular próprio regimento_interno realização sessão manhã arthur   lira pp al deputado_marcel_van_hattem recolhor questão ordem vexo todo respeito posterior deliberação hipótese algum sessão anular embora reconhecer parte alegação vexo verdadeiro erro justificar situação vexo antes resposta oficial questão ordem dois tempo liderança usar sessão compensação dever vontade pessoal então preterilo qualquer oportunidade plenário respeito todo vexa inclusive partido sempre rogar prezar retorno vexo dia hoste partidário
85,5,0.9993511438369751,novo mg ordem revisão orador deixar claro posição partido_novo ficar feliz votação projeto primeiro grande farmacêutico agora induzir médico receitar tratamento experimental farmacêutico tratamento ainda comprovação custo benefício ainda aprovar anvisar grande farmacêutico começar incentivar médico receitar tratamento plano saúde cobrir 100 aparecer frente ficar feliz aprovação projeto grande plano saúde agora menos concorrência ficar caro complexo empresa plano saúde brasil pequeno empresa plano saúde competer preço outro competidora começar quebrar mercado concentrar cada vez grande plano saúde aumentar preço lucro cada vez grande obrigar especialmente empresa oferecer plano saúde benefício arcar custo alto ficar feliz projeto população brasileiro sofrer péssimo condição sus sofrer pagar plano saúde caro país plano saúde empresarial condição plano saúde caro acabar abrir mão plano saúde sus ficar sobrecarregado resultado projeto correto decisão stj tomar algum semana atrás busca manter rol taxativo dar equilíbrio plano saúde partir agora plano saúde conseguir nenhum previsibilidade cobertura assim novamente aumentase risco plano saúde aumentar custo consumidor final somente grande empresa plano saúde continuar ofertar serviço brasil parabéns àquele acabar aprovar regulamentação beneficiar apenas grande empresa regulamentação beneficiar somente grande farmacêutico agora entubar custo consumidor final custo absurdo acabar aprovar congresso  quisermos verdadeiramente atender saúde população brasileiro primeiro consertar sus abrir espaço cada vez parceria sus iniciativa privado desregulamentar setor saúde complementar ficar criar cada vez insegurança jurídico regra pé cabeça somente pouco competir conta consumidor ficar cada vez cara novo contra projeto
148,5,0.9992700815200806,novo mg revisão orador destaque relação 13 pec art 198 13 união distrito_federal município final exercício financeiro publicar lei tratar 12 adequar remuneração cargo respectivo plano carreira modo atender piso estabelecer cada categoria profissional saber pec tentar dar ar constitucionalidade algo claramente inconstitucional votação pl piso enfermagem algum mês atrás lembremse prometer parlamentares_favoráveis pl pl constitucional ouvir agora pouco prometer profissional enfermagem pec fonte custeio saber agora saber prometer estado município onde sair dinheiro pagar aumento abrupto salário dar acreditar portanto destaque partido_novo vir defender estado município aumento abrupto despesa aprovação pec artigo ver municipalista defender município proteger prefeito país convido acompanhar partido_novo destaque acompanhar mérito pec contra município contra discurso municipalista menos acompanhar destaque retirar texto obrigação adequar ainda exercício lembrar ano passado orçamento_deste_ano município previsãor dar aumento salarial tão alto hora outro então perguntar pagar pec trazer previsão financeiro onde sair dinheiro prefeito pagar aumentar impor mineração aproveitar dinheiro jogo monte coisa verdade entanto prestes votar pec segundo turno fonte custeio assim constitucionalidade votação pl disser sempre disser projeto inconstitucional tratase pec fonte custeio pagar portanto pedir parlamentar menos reduzer dano cofres município sofrer decisão tomar cotidianamente plenário congresso prejudicar finanças saber acabar acontecer profissional enfermagem parar receber salário dia vez cofres prefeitura pagar destaque partido_novo
43,5,0.9992409348487854,percebi infelizmente atender apelo repito relatora celina_leão deputado_darci_de_matos atender apelo manter trecho aprendizagem jovem 14 ano 15 ano idade pequeno aprendiz indústria defesa juventude trabalhar ambiente positivo produção gostar pedir todo parlamentar encaminhar voto favorável medida provisório lembr encaminhar governo votar favoravelmente destaque_n_6 partido_novo deputado_giovani_cherini fiergs procurar lá semana passado pude ver presença senador_lasier_martim senador luis_carlos_heinze quanto indústria gaúcho quer mantir assim indústria nacional todo parte texto tratar aprendizagem menore aprendiz ficor triste parte retirar enter outro área parlamento discutir tema discutir inclusive vista aprimorar futuro outro trecho necessário indústria retir parte beneficiar pequeno aprendiz trabalhar hoje indústria consigo entender contra pequeno aprendiz contra indústria nacional texto apresentar retirar todo capítulo concernente permitir ocorra caro colega parlamentar repito parlamentar gaúcho tratase apelo federação_das_indústrias_do_estado_do_rio_grande_do_sul fiergs reunir bancada gaúcho 1 semana tratar tema medida_provisória 1116 2022 altíssimo prioridade votar câmara_dos_deputado tempo apreciar senar antes caducar meio mês primordialmente trecho pequeno aprendiz aprovar hoje retirar medida provisório mutilar enter deputada_celina_leão retirar parte pequeno aprendiz parte fundamental texto importante tanto 14 ano 15 ano idade indústria nacional apelo encarecidamente felizmente novo destaque reincluir trecho texto agora encaminhamento votação trecho votar favoravelmente medida provisório favoravelmente pequeno aprendiz indústria gaúcha nacional votar favor destaque_n_6 novo posteriormente
55,6,0.9995408058166504,sim sr_presidente oportunidade relatar projeto_de_resolução 75 2021 confiança mesa demais colega parlamentar encontrar projeto_de_resolução 75 2021 criar grupo_parlamentar_brasilbahrein autoria deputado_eduardo_bolsonaro outro i relatório tratase projeto_de_resolução subscrito deputado_eduardo_bolsonaro deputados_hiran_gonçalve general_gir coronel_chrisóstomo objetiva criar grupo_parlamentar_brasilbahrein compor membro congresso_nacional aderir conforme prescazrr art 2 proposição grupo regir estatuto aprovar respectivo integrante respeitandose disposição legal regimental vigor acarretar qualquer ônus câmara_dos_deputar justificação projeto autor destacar objetivo grupo incrementar aprofundar relacionamento bilateral parte inclusive atração investimento país relatório ii votar relator presente projeto_de_resolução finalidade instituição grupo_parlamentar dever atuar instrumento cooperação membro poderes_legislativos_do_brasil bahrein relação diplomático contemporâneo brasil bahrein marcar bom relação comercial político dois nação manter relação diplomático desde 1971 hoje interesse brasileiro representar embaixada kuwait novembro 2021 visita jair_bolsonaro nação árabe primeiro chefe_de estado brasileiro país inaugurar embaixada_do_brasil manama capital bahrein ministério_das_relações_exteriores acreditar criação representação próprio país permitir intensificar laço comercial dois nação caber destacar relação comercial dois parceiro mostrar superavitário brasil indicar complementaridade grande potencial crescimento fluxo comércio dois país superar 2 bilhão dólar ano comércio bilateral 2021 crescer 200 comparativo 2020 brasil exportar sobretudo minério ferro produto agropecuário país golfo_pérsico passo importar produto processar derivar petróleo produto indústria química alumínio palavra embaixador_do_bahrein bader_alhelaibi relação dois país crescer notavelmente último ano visitar presidente_do_brasil bahrein 2021 inaugurar novo etapa relacionamento pavimentar caminho construção parceria estratégico vários campo incluir investimento direito fato considerar oportuno criação grupo_parlamentar ver bahrein nação brasil possuir laço amizade pauta comum potencial aprofundamento fato nação oriente_médio bahrein ocupar quarto lugar transação brasil avançar vários domínio cooperação internacional econômico política técnicocientífico cultural respeitar naturalmente princípio guir inserção internacional país independência nacional igualdade intervenção defeso paz resguardar valor prezar república democracia liberdade direito humano sentido grupo cooperação interparlamentar exercer papel destaque processo aproximaçãor parlamentares_brasileiro estrangeiro viabilizar estreitamento laço amizade troco experiência âmbito respectivo casas_legislativas proposição visar criar grupo_parlamentar_brasilbahrein ora examinar assemelhase diverso iniciativa voltar cooperação intercâmbio parlamentar razão desaconselhar aprovação cumprir destacar leitura art 1 projeto revelar existência erro material razão apresentar emenda redação objetivo corrigilo sublinho mister alterar vio emenda redação parágrafo único art 1 proposição ver criação grupo_parlamentar_brasilbahrein dar âmbito câmara_dos_deputar dever parte apenas deputados_federal aproveitar promover pequeno correção formal emenda redação art 2 proposição face expor voto aprovação projeto_de_resolução 75 2021 criar grupo_parlamentar_brasilbahrein aproveito constar sr_presidente eventual leitura divirjam parecer escrito considerar redação final parecer sala sessão 29 agosto 2022 marcel_van_hattar relator emendar redação 2 dêse art 2 projeto seguinte redação art 2 grupo_parlamentar regerseá estatuto aprovar respectivo integrante respeitar disposição legal regimental vigor votar sr_presidente submeto portanto discussão par casa
205,6,0.9994561672210693,novo rs discutir revisão orador caro_senador_rodrigo   pacheco presidente_do_congresso_nacional caro colega colega senador hoje dia sessão congresso   nacional felizmente vitória celebrar menos deputado_aguinaldo_ribeiro perceber impositividade emenda relator algo defender desde projeto lei_de_diretriz   orçamentária tramitar comissão senador_marcos_do_val relator orçamento testemunho desde momento posicionar contrariamente impositividade aliás posicionar contrariamente existência rp_9 fizemos destaque vencer lamentavelmente comissão   mista_de_orçamento restituir emenda relator característico original corrigir omissão outro caso prever criar verdadeiro feira emenda parlamentar orçamento chamar secreto indicar emenda aparecer avanço agora obrigatoriedader aparecer indicar emenda emenda acabar servir lamentavelmente dever continuar servir varejo político eleitoral grande projeto estrutural brasil aliás sair entrevista semana estadão daniel_weterman jornalista entrevista senador_marcos_do   val certamente grande responsável caír impositividade agradecer senador_do_val sincericídio cometer outro forma mal interpretar forma expressar revelar estadão verdadeiro falso demonstrar prática acontecer voz corrente congresso_nacional trocar emenda relator apoio projeto projeto_b candidato candidato b_verdadeira falso matéria fundamental senador_marcos_do_val jornalista daniel_weterman matéria veicular segundafeira estadão bem mal matéria ajudar enterrar impositividade emenda relator agora avançar sr_relator fim emenda relator pouco congresso decidir grande naco orçamento definir critério transparente sério alocação recurso acontecer lá atrás emenda individual aliás contra existir impositividade caso acabar executar igualmente todo parlamentar apenas amigo líder preciso acabar polícia federal investigar colega mau uso emenda relator matéria breno_pires publicar revista   piauí farra ilimitar escárnio escárnio aliás ler hoje manhã jornal   nh grupo_sino lá região vale_dos_sinos propor emenda então igualmente dividir município conforme população outro critério agora critério adotar critério políticoeleitoral mau critério corrupção exemplo claríssimo município receber bom receber verba saúde grande capacidade execução atendimento soar campainha novo rs cidadão município receber média recurso capaz garantir dezena atendimento anual prestar ano digam situação mudar noite dia ainda município pobre sr_presidente peçar tolerância v_exa concluir acordo celebrar acordo permitir impositividade saír garantir realização grupo trabalho disciplinar bom sessão congresso_nacional bagunça esbórnia melhorar sessão congresso_nacional saúdo acordo garantir novo todo parlamentar assim desejar realização grupo trabalho pensar bom realização sessão congresso_nacional soar campainha novo rs felizmente hoje cair impositividade emenda relator esperar logo adiante extingam próprio emenda relator possível continuar sistema orçamentário maneira hoje construir coxa brasil mau sob critério políticoeleitoral sr_presidente
89,6,0.9991425275802612,novo mg líder revisão orador antes gostar esclarecer deputada_jandira_feghali ver lobista farmácio empresa capitalista cada pleitear pcdob rj farmácia liderança entidade farmacêutico profissional saúde lobby lobby econômico defesa saúde novo mg cercear sociedade civil ver representar congresso achar algo bem comunista verdade gostar trazer diante dois votação referente setor saúde cada devido importância olhálas cuidado momento votar projeto dar cidadão assim acontecer país primeiro mundo liberdade grande facilidade acesso medicamento agora pouco existir povoado lugar brasil farmácia pessoa locomover longo distância acesso aspirina sorine vitamina_c país conseguir conceder acesso saúde cidadão facilidade lado criar todo celeuma torno algo existir brasil década 90 país primeiro mundo comprovadamente prática tornar barato medicamento recusar trazer modernidade brasil recusandonos permitir população acesso medicamento baixíssimo risco risco quase inexistente inexistente caso algum classificado anvisa medicamento isento prescrição outro lado colocar risco saúde brasileiro recorrer saúde suplementar plano saúde confiançar sus empregador permitir aprovar lei praticamente médico plano saúde cobrir independentemente tratamento experimental independentemente mandar paciente tratar china então tomar cuidado quebrar sistema saúde suplementar brasileiro quebrarmos plano saúde sobrecarregar ainda sus todo saber mal conseguir oferecer saúde qualidade população pedir novamente calmo consciência plenário mesa_da_câmara pouco semana termos colocar saúde brasileiro risco piso enfermagem agora novamente colocar saúde brasileiro risco projeto quebrar plano saúde país plano saúde oferta leito piso enfermagem realmente saúde brasil esperar
68,6,0.9990568161010742,breve respeito todo acompanhar discussão casa mesa plenário colega parlamentar importante ponto dois três mensagem encaminhar então ministro_ernesto_araújo encaminhar presidente_da_república sexa encaminhar parlamento talvez importante pois 2 referir acordo propósito estabelecer regra segurança aplicável intercâmbio informação classificar autoridade dois país definemse parâmetro preservação grau sigilo transmissão documento compartilhamento informação sigiloso terceiro país bem padrão comum credenciamento funcionário habilitar manusear informação 3 ademal possibilitar aprimoramento seguranço matéria troca dado serviço informação brasil israel acordo tela contribuir projeto envolver transferência tecnologia aplicável setor militar segurança oferecer forma grande garantia parte envolvir facilitar processo relacionar área tecnológico portanto sra_presidente motivo nenhum voto contrário matéria repito vez iniciar trâmite lá governo_lular 2010 passar atualização governo_temer virtude lei aprovar durante governo_de_dilma agora durante governo_bolsonaro apreciar plenário chamar respeito instituição respeito relação país israel tanto outro país mundo celebrar tipo tratar tipo acordo grande incoerência pt entendimento votar contra matéria iniciar lá governo_lula independentemente opinião pessoal sobre sobre lula todo conhecer opinião tratase matéria repito nenhum motivo rejeitar parlamento portanto vez conversar embaixador_de_israel semana sr_zonshine dandolhe garantia apreciar aprovar acordo dia hoje palavra presidente_da_câmara deputado_arthur_lira vejo nenhum motivo constrangimento relação país brasil israel eventual voto contrário plenário iniciativo tão importante relação internacional dois país muitíssimo presidente_bia_kicis
92,6,0.9989098906517029,novo rs revisão orador r_presidente caro colega parlamentar talvez dia importante câmara_dos_deputado demonstrar importar saúde brasileiro particular saúde pobre dia aprovar venda supermercado medicamento prescrição médico baratear preço remédio médio segundo estudo 30 medida portanto dar pobre oportunidade adquirir medicamento respectivo validação responsável técnico disposição dezena centena milhar estabelecimento comercial além farmácia brasil todo supermercado município brasil dispõer farmácia apenas apenas farmácia vez lei oferta demanda disponível medicamento cidadão necessitar aliviar dor cabeça dor barriga comprar digestivo comprar realmente principalmente pobre nação agradecer deputado_sanderson colega deputado_do_rio   grande_do_sul batalhador desde primeiro dia relação matéria próprio autor deputado_glaustin   da_fokus projeto dialogar sociedade realizar várias audiência público frente_parlamentar livre_mercar pedir presidente_arthur_lira sexa pautar projeto líder demonstrar apreço matéria   isnaldo_bulhão líder_do_mdb dar agora aceitar relatar plenário tão importante matéria tempo inflação alto caro colega parlamentar nada importante achar alternativa reduza preço produto consumir brasil repito especialmente pobre todo garantia sanitário pois anvisar vir regular matéria aprovar projeto lei todo condição técnico projeto prever responsável cada supermercado portanto motivo rejeitarmos matéria contrário apenas motivo aprovála saúde pobre agradecer
