doc_id,topic,probability
0,0,0.00025657783
0,1,0.9959605
0,2,0.0002726129
0,3,0.00020116361
0,4,0.0004635259
0,5,0.00031332427
0,6,0.00023094876
0,7,0.0003540169
0,8,0.00028461634
0,9,0.00038052237
0,10,0.00028767786
0,11,0.00032314096
0,12,0.00021368028
0,13,0.00021433916
0,14,0.00024331528
1,0,8.8225905e-05
1,1,0.00019618044
1,2,9.373967e-05
1,3,6.917137e-05
1,4,0.0001593863
1,5,0.9985226
1,6,7.9413185e-05
1,7,0.00012173093
1,8,9.786712e-05
1,9,0.00013084502
1,10,9.8919845e-05
1,11,0.00011111405
1,12,7.347531e-05
1,13,7.370187e-05
1,14,8.3665494e-05
2,0,0.00047908517
2,1,0.0010653009
2,2,0.00050902605
2,3,0.00037561508
2,4,0.00086550106
2,5,0.9919772
2,6,0.00043123026
2,7,0.00066102453
2,8,0.00053143903
2,9,0.0007105159
2,10,0.00053715555
2,11,0.00060337264
2,12,0.00039898636
2,13,0.00040021664
2,14,0.0004543212
3,0,0.00032031635
3,1,0.00071226025
3,2,0.00034033484
3,3,0.00025113625
3,4,0.000578674
3,5,0.00039115964
3,6,0.00028832056
3,7,0.00044196102
3,8,0.00035532014
3,9,0.00047505094
3,10,0.9946039
3,11,0.00040341498
3,12,0.0002667623
3,13,0.00026758484
3,14,0.00030375918
4,0,0.99721706
4,1,0.00036472062
4,2,0.00017427217
4,3,0.00012859705
4,4,0.00029631634
4,5,0.00020029757
4,6,0.0001476377
4,7,0.00022631096
4,8,0.00018194555
4,9,0.00024325501
4,10,0.00018390268
4,11,0.00020657304
4,12,0.00013659854
4,13,0.00013701974
4,14,0.0001555432
5,0,0.055656888
5,1,0.123759486
5,2,0.059135217
5,3,0.04363643
5,4,0.10054808
5,5,0.067966335
5,6,0.050097425
5,7,0.07679338
5,8,0.061739005
5,9,0.08254295
5,10,0.06240311
5,11,0.07009577
5,12,0.04635155
5,13,0.04649447
5,14,0.052779976
6,0,4.9840484e-05
6,1,0.00011082605
6,2,5.2955314e-05
6,3,3.907622e-05
6,4,9.004035e-05
6,5,6.086354e-05
6,6,4.4862012e-05
6,7,6.876812e-05
6,8,0.99915993
6,9,7.391683e-05
6,10,5.5881697e-05
6,11,6.2770436e-05
6,12,4.1507596e-05
6,13,4.1635583e-05
6,14,4.7264224e-05
7,0,0.00028494495
7,1,0.99551386
7,2,0.0003027529
7,3,0.00022340417
7,4,0.0005147731
7,5,0.00034796528
7,6,0.00025648234
7,7,0.00039315684
7,8,0.0003160834
7,9,0.00042259277
7,10,0.0003194834
7,11,0.00035886728
7,12,0.00023730467
7,13,0.0002380364
7,14,0.00027021611
8,0,0.9986065
8,1,0.00018262847
8,2,8.726422e-05
8,3,6.439308e-05
8,4,0.00014837604
8,5,0.00010029605
8,6,7.39274e-05
8,7,0.000113321876
8,8,9.110655e-05
8,9,0.00012180636
8,10,9.208656e-05
8,11,0.0001034384
8,12,6.8399706e-05
8,13,6.8610614e-05
8,14,7.788596e-05
9,0,0.0003839513
9,1,0.0008537598
9,2,0.0004079467
9,3,0.00030102767
9,4,0.000693635
9,5,0.0004688685
9,6,0.0003455991
9,7,0.9936311
9,8,0.000425909
9,9,0.0005694259
9,10,0.00043049039
9,11,0.00048355848
9,12,0.00031975802
9,13,0.00032074397
9,14,0.00036410478
10,0,0.0008460972
10,1,0.0018813944
10,2,0.0008989749
10,3,0.0006633619
10,4,0.98632634
10,5,0.0010332257
10,6,0.00076158217
10,7,0.0011674146
10,8,0.00093855767
10,9,0.0012548197
10,10,0.00094865344
10,11,0.0010655974
10,12,0.0007046372
10,13,0.00070681
10,14,0.00080236234
11,0,0.9939374
11,1,0.00079451123
11,2,0.00037963633
11,3,0.00028013717
11,4,0.0006454986
11,5,0.0004363303
11,6,0.0003216155
11,7,0.00049299817
11,8,0.00039635212
11,9,0.0005299093
11,10,0.00040061554
11,11,0.00045000087
11,12,0.0002975677
11,13,0.00029848525
11,14,0.00033883692
12,0,5.0008348e-05
12,1,0.99921286
12,2,5.3133666e-05
12,3,3.920783e-05
12,4,9.0343594e-05
12,5,6.1068524e-05
12,6,4.501311e-05
12,7,6.8999725e-05
12,8,5.54732e-05
12,9,7.416578e-05
12,10,5.6069905e-05
12,11,6.2981846e-05
12,12,4.1647392e-05
12,13,4.1775813e-05
12,14,4.7423408e-05
13,0,0.0004647077
13,1,0.001033331
13,2,0.0004937501
13,3,0.0003643428
13,4,0.0008395272
13,5,0.0005674855
13,6,0.00041828895
13,7,0.000641187
13,8,0.0005154904
13,9,0.9923395
13,10,0.0005210354
13,11,0.0005852653
13,12,0.0003870127
13,13,0.00038820604
13,14,0.0004406869
14,0,6.3826184e-05
14,1,0.00014192486
14,2,6.781507e-05
14,3,5.004137e-05
14,4,0.61423385
14,5,7.794241e-05
14,6,0.38479218
14,7,8.8065084e-05
14,8,7.0801034e-05
14,9,9.465858e-05
14,10,7.156262e-05
14,11,8.03844e-05
14,12,5.315501e-05
14,13,5.3318916e-05
14,14,6.0527003e-05
15,0,6.7157736e-05
15,1,0.00014933295
15,2,0.4429767
15,3,5.265339e-05
15,4,0.55600935
15,5,8.201079e-05
15,6,6.0449478e-05
15,7,9.266184e-05
15,8,7.449665e-05
15,9,9.959949e-05
15,10,7.529799e-05
15,11,8.458025e-05
15,12,5.592956e-05
15,13,5.6102013e-05
15,14,6.368635e-05
16,0,0.00058852707
16,1,0.0013086576
16,2,0.0006253077
16,3,0.00046142036
16,4,0.9904889
16,5,0.00071868964
16,6,0.00052974024
16,7,0.0008120286
16,8,0.00065284065
16,9,0.0008728257
16,10,0.000659863
16,11,0.00074120675
16,12,0.00049013057
16,13,0.00049164187
16,14,0.00055810605
17,0,0.00019507356
17,1,0.0004337685
17,2,0.00020726488
17,3,0.00015294268
17,4,0.34208384
17,5,0.00023821733
17,6,0.111125164
17,7,0.0002691555
17,8,0.00021639097
17,9,0.00028930735
17,10,0.00021871862
17,11,0.5440597
17,12,0.00016245898
17,13,0.00016295993
17,14,0.00018499019
18,0,6.3827276e-05
18,1,0.00014192729
18,2,6.7816225e-05
18,3,5.0042225e-05
18,4,0.99896854
18,5,7.794374e-05
18,6,5.7451693e-05
18,7,8.806659e-05
18,8,7.080224e-05
18,9,9.4660194e-05
18,10,7.156384e-05
18,11,8.038578e-05
18,12,5.315592e-05
18,13,5.3319825e-05
18,14,6.0528037e-05
19,0,0.00024442156
19,1,0.5412168
19,2,0.0002596969
19,3,0.00019163277
19,4,0.45537668
19,5,0.00029847946
19,6,0.00022000675
19,7,0.0003372441
19,8,0.00027113163
19,9,0.0003624938
19,10,0.00027404813
19,11,0.00030783104
19,12,0.00020355642
19,13,0.00020418409
19,14,0.00023178737
20,0,0.00011604208
20,1,0.0002580329
20,2,0.00012329424
20,3,9.097997e-05
20,4,0.6432539
20,5,0.00014170671
20,6,0.00010445085
20,7,0.35503083
20,8,0.00012872301
20,9,0.0001720983
20,10,0.00013010764
20,11,0.00014614649
20,12,9.664087e-05
20,13,9.693886e-05
20,14,0.000110043846
21,0,4.9686212e-05
21,1,0.9992179
21,2,5.27914e-05
21,3,3.8955266e-05
21,4,8.976164e-05
21,5,6.0675146e-05
21,6,4.472315e-05
21,7,6.855525e-05
21,8,5.5115863e-05
21,9,7.368803e-05
21,10,5.5708726e-05
21,11,6.257614e-05
21,12,4.1379117e-05
21,13,4.1506708e-05
21,14,4.7117926e-05
22,0,6.331489e-05
22,1,0.7660297
22,2,6.7271816e-05
22,3,4.96405e-05
22,4,0.23308793
22,5,7.731803e-05
22,6,5.6990488e-05
22,7,8.7359615e-05
22,8,7.0233866e-05
22,9,9.390029e-05
22,10,7.098935e-05
22,11,7.9740465e-05
22,12,5.27292e-05
22,13,5.2891788e-05
22,14,6.0042137e-05
23,0,6.4628824e-05
23,1,0.0001437096
23,2,6.866786e-05
23,3,5.0670656e-05
23,4,0.00011675651
23,5,7.892256e-05
23,6,5.8173173e-05
23,7,8.917253e-05
23,8,7.169138e-05
23,9,9.584894e-05
23,10,7.246254e-05
23,11,8.1395265e-05
23,12,5.3823453e-05
23,13,5.3989417e-05
23,14,0.99890006
24,0,0.00013772924
24,1,0.00030625678
24,2,0.00014633677
24,3,0.00010798326
24,4,0.00024881755
24,5,0.9976936
24,6,0.00012397172
24,7,0.00019003387
24,8,0.00015278012
24,9,0.00020426183
24,10,0.00015442353
24,11,0.00017345988
24,12,0.000114702125
24,13,0.0001150558
24,14,0.00013060999
25,0,0.00030757897
25,1,0.00068393716
25,2,0.0003268014
25,3,0.00024114981
25,4,0.000555663
25,5,0.99484926
25,6,0.00027685548
25,7,0.00042438644
25,8,0.0003411908
25,9,0.00045616052
25,10,0.0003448609
25,11,0.00038737315
25,12,0.00025615448
25,13,0.00025694433
25,14,0.00029168016
26,0,0.00019756277
26,1,0.00043930352
26,2,0.00020990965
26,3,0.00015489428
26,4,0.00035691104
26,5,0.00024125705
26,6,0.0001778286
26,7,0.00027259003
26,8,0.99666953
26,9,0.000292999
26,10,0.00022150953
26,11,0.0002488158
26,12,0.00016453202
26,13,0.00016503934
26,14,0.00018735071
27,0,7.354386e-05
27,1,0.00016353322
27,2,7.814005e-05
27,3,5.7660272e-05
27,4,0.00013286216
27,5,0.99876845
27,6,6.61977e-05
27,7,0.000101473175
27,8,8.158064e-05
27,9,0.00010907054
27,10,8.245818e-05
27,11,9.262309e-05
27,12,6.124797e-05
27,13,6.143683e-05
27,14,6.974237e-05
28,0,0.00020820748
28,1,0.00046297326
28,2,0.00022121961
28,3,0.00016324001
28,4,0.00037614146
28,5,0.00025425604
28,6,0.00018741003
28,7,0.00028727722
28,8,0.00023096014
28,9,0.99656796
28,10,0.0002334445
28,11,0.00026222205
28,12,0.00017339703
28,13,0.0001739317
28,14,0.00019744522
29,0,9.708729e-05
29,1,0.00021588476
29,2,0.00010315486
29,3,7.611894e-05
29,4,0.00017539503
29,5,0.000118559765
29,6,8.738943e-05
29,7,0.00013395757
29,8,0.00010769688
29,9,0.00014398707
29,10,0.99836445
29,11,0.00012227433
29,12,8.0855156e-05
29,13,8.1104474e-05
29,14,9.206884e-05
30,0,0.00032708154
30,1,0.0007273034
30,2,0.00034752281
30,3,0.0002564403
30,4,0.00059089577
30,5,0.00039942106
30,6,0.00029440998
30,7,0.00045129537
30,8,0.0003628246
30,9,0.00048508417
30,10,0.9944899
30,11,0.0004119352
30,12,0.00027239637
30,13,0.0002732363
30,14,0.00031017463
31,0,3.186889e-05
31,1,7.0864146e-05
31,2,3.386057e-05
31,3,2.4986031e-05
31,4,5.7573397e-05
31,5,3.8917227e-05
31,6,2.868557e-05
31,7,0.079919614
31,8,3.5351488e-05
31,9,0.91959906
31,10,3.573175e-05
31,11,4.0136532e-05
31,12,2.6540694e-05
31,13,2.6622532e-05
31,14,3.0221585e-05
32,0,0.00040400118
32,1,0.0008983431
32,2,0.00042924966
32,3,0.00031674732
32,4,0.0007298566
32,5,0.00049335277
32,6,0.00036364628
32,7,0.00055742636
32,8,0.00044814998
32,9,0.00059916126
32,10,0.9931941
32,11,0.00050880987
32,12,0.00033645576
32,13,0.00033749323
32,14,0.0003831183
33,0,0.00017128457
33,1,0.00038087092
33,2,0.00018198916
33,3,0.0001342915
33,4,0.00030943763
33,5,0.00020916699
33,6,0.00015417527
33,7,0.0002363323
33,8,0.00019000233
33,9,0.00025402667
33,10,0.00019204614
33,11,0.00021572036
33,12,0.9970651
33,13,0.00014308715
33,14,0.00016243085
34,0,6.864357e-05
34,1,0.00015263686
34,2,7.2933515e-05
34,3,5.381832e-05
34,4,0.00012400943
34,5,8.382523e-05
34,6,6.178689e-05
34,7,9.471193e-05
34,8,7.6144854e-05
34,9,0.000101803074
34,10,7.6963915e-05
34,11,8.645154e-05
34,12,5.7166966e-05
34,13,5.734324e-05
34,14,0.99883175
35,0,0.000102908096
35,1,0.00022882798
35,2,0.00010933944
35,3,8.068259e-05
35,4,0.00018591071
35,5,0.00012566794
35,6,9.2628805e-05
35,7,0.998293
35,8,0.00011415377
35,9,0.00015261972
35,10,0.000115381685
35,11,0.0001296052
35,12,8.570277e-05
35,13,8.596703e-05
35,14,9.758877e-05
36,0,0.00013650747
36,1,0.00030354006
36,2,0.00014503863
36,3,0.000107025364
36,4,0.00024661035
36,5,0.00016669837
36,6,0.00012287199
36,7,0.00018834812
36,8,0.00015142484
36,9,0.00020244987
36,10,0.00015305367
36,11,0.00017192116
36,12,0.997661
36,13,0.00011403517
36,14,0.00012945138
37,0,6.518002e-05
37,1,0.00014493527
37,2,6.925351e-05
37,3,5.1102812e-05
37,4,0.99894667
37,5,7.959567e-05
37,6,5.8669317e-05
37,7,8.993306e-05
37,8,7.230282e-05
37,9,9.666641e-05
37,10,7.3080555e-05
37,11,8.2089464e-05
37,12,5.42825e-05
37,13,5.444988e-05
37,14,6.181086e-05
38,0,9.8957345e-05
38,1,0.00022004303
38,2,0.00010514178
38,3,7.75851e-05
38,4,0.0001787734
38,5,0.000120843404
38,6,8.907268e-05
38,7,0.0001365378
38,8,0.00010977128
38,9,0.00014676047
38,10,0.00011095206
38,11,0.99834657
38,12,8.241255e-05
38,13,8.2666666e-05
38,14,9.384222e-05
39,0,0.99825406
39,1,0.00022881472
39,2,0.0001093331
39,3,8.067791e-05
39,4,0.00018589995
39,5,0.00012566065
39,6,9.2623435e-05
39,7,0.00014198066
39,8,0.00011414715
39,9,0.00015261085
39,10,0.000115375
39,11,0.00012959768
39,12,8.56978e-05
39,13,8.596205e-05
39,14,9.7583106e-05
40,0,7.38917e-05
40,1,0.00016430668
40,2,7.8509634e-05
40,3,5.793299e-05
40,4,0.00013349055
40,5,9.0234076e-05
40,6,6.6510795e-05
40,7,0.00010195312
40,8,8.196649e-05
40,9,0.00010958641
40,10,8.284818e-05
40,11,9.306118e-05
40,12,6.1537656e-05
40,13,6.1727405e-05
40,14,0.9987424
41,0,8.822227e-05
41,1,0.00019617236
41,2,9.3735805e-05
41,3,6.916853e-05
41,4,0.00015937974
41,5,0.00010773409
41,6,0.99849427
41,7,0.00012172592
41,8,9.786309e-05
41,9,0.00013083963
41,10,9.891577e-05
41,11,0.00011110948
41,12,7.3472285e-05
41,13,7.369884e-05
41,14,8.3662046e-05
42,0,0.00022650952
42,1,0.00050366996
42,2,0.00024066545
42,3,0.00017758929
42,4,0.0004092054
42,5,0.00027660586
42,6,0.00020388392
42,7,0.0003125297
42,8,0.00025126222
42,9,0.99626625
42,10,0.00025396494
42,11,0.00028527214
42,12,0.00018863913
42,13,0.0001892208
42,14,0.00021480121
43,0,6.545086e-05
43,1,0.00014553752
43,2,6.954128e-05
43,3,5.131516e-05
43,4,0.000118241594
43,5,7.992641e-05
43,6,5.89131e-05
43,7,9.0306756e-05
43,8,7.260326e-05
43,9,9.7068085e-05
43,10,7.3384224e-05
43,11,0.99890643
43,12,5.450806e-05
43,13,5.4676133e-05
43,14,6.20677e-05
44,0,9.082578e-05
44,1,0.99857014
44,2,9.650202e-05
44,3,7.120974e-05
44,4,0.00016408315
44,5,0.0001109134
44,6,8.175336e-05
44,7,0.00012531815
44,8,0.00010075111
44,9,0.00013470081
44,10,0.000101834856
44,11,0.00011438841
44,12,7.5640506e-05
44,13,7.5873744e-05
44,14,8.613098e-05
45,0,7.21714e-05
45,1,0.0001604814
45,2,7.668182e-05
45,3,5.658423e-05
45,4,0.00013038272
45,5,8.81333e-05
45,6,6.496233e-05
45,7,0.061595313
45,8,0.93728757
45,9,0.00010703509
45,10,8.0919366e-05
45,11,9.089459e-05
45,12,6.010498e-05
45,13,6.029031e-05
45,14,6.844085e-05
46,0,0.00013900432
46,1,0.6000558
46,2,0.00014769152
46,3,0.00010898295
46,4,0.00025112106
46,5,0.00016974744
46,6,0.00012511943
46,7,0.00019179317
46,8,0.00015419454
46,9,0.397962
46,10,0.00015585317
46,11,0.00017506574
46,12,0.00011576402
46,13,0.00011612097
46,14,0.00013181916
47,0,0.0004647068
47,1,0.001033329
47,2,0.0004937491
47,3,0.00036434206
47,4,0.00083952554
47,5,0.992218
47,6,0.0004182881
47,7,0.0006411858
47,8,0.00051548943
47,9,0.0006891918
47,10,0.00052103435
47,11,0.0005852642
47,12,0.00038701194
47,13,0.00038820528
47,14,0.00044068604
48,0,0.00026088455
48,1,0.0005801068
48,2,0.00027718878
48,3,0.00020454019
48,4,0.0004713063
48,5,0.0003185835
48,6,0.00023482529
48,7,0.00035995914
48,8,0.0002893937
48,9,0.99569947
48,10,0.00029250662
48,11,0.00032856496
48,12,0.00021726695
48,13,0.00021793689
48,14,0.00024739938
49,0,7.919324e-05
49,1,0.00017609527
49,2,8.41425e-05
49,3,6.208954e-05
49,4,0.00014306816
49,5,9.670814e-05
49,6,7.1282775e-05
49,7,0.000109267996
49,8,0.9986649
49,9,0.00011744896
49,10,8.879233e-05
49,11,9.973808e-05
49,12,6.595283e-05
49,13,6.615619e-05
49,14,7.509973e-05
50,0,0.0001285686
50,1,0.00028588707
50,2,0.99782664
50,3,0.00010080109
50,4,0.00023226823
50,5,0.00015700368
50,6,0.00011572613
50,7,0.00017739435
50,8,0.00014261843
50,9,0.00019067599
50,10,0.00014415252
50,11,0.00016192273
50,12,0.000107073065
50,13,0.000107403226
50,14,0.00012192287
51,0,0.00010290368
51,1,0.00022881816
51,2,0.000109334746
51,3,8.067913e-05
51,4,0.00018590274
51,5,0.00012566254
51,6,9.2624825e-05
51,7,0.0001419828
51,8,0.00011414887
51,9,0.00015261315
51,10,0.99826646
51,11,0.00012959963
51,12,8.569909e-05
51,13,8.5963344e-05
51,14,9.7584576e-05
52,0,0.00026537757
52,1,0.07977549
52,2,0.0002819626
52,3,0.00020806283
52,4,0.9165259
52,5,0.00032407025
52,6,0.00023886951
52,7,0.00036615846
52,8,0.0002943777
52,9,0.000393573
52,10,0.00029754423
52,11,0.0003342236
52,12,0.00022100878
52,13,0.00022169026
52,14,0.00025166018
53,0,2.8412567e-05
53,1,6.317861e-05
53,2,3.0188237e-05
53,3,2.2276183e-05
53,4,0.99954087
53,5,3.4696477e-05
53,6,2.5574489e-05
53,7,3.920264e-05
53,8,3.151746e-05
53,9,4.213777e-05
53,10,3.185648e-05
53,11,3.5783545e-05
53,12,2.3662236e-05
53,13,2.3735198e-05
53,14,2.6943917e-05
54,0,0.000114313436
54,1,0.00025418907
54,2,0.00012145757
54,3,8.962467e-05
54,4,0.00020651527
54,5,0.00013959575
54,6,0.00010289489
54,7,0.00015772559
54,8,0.99807286
54,9,0.0001695346
54,10,0.00012816949
54,11,0.0001439694
54,12,9.520124e-05
54,13,9.549479e-05
54,14,0.000108404565
55,0,4.6542664e-05
55,1,0.00010349297
55,2,4.9451395e-05
55,3,3.6490645e-05
55,4,8.4082596e-05
55,5,5.6836347e-05
55,6,4.1893607e-05
55,7,6.42179e-05
55,8,5.162879e-05
55,9,0.9992329
55,10,5.2184143e-05
55,11,5.861707e-05
55,12,3.876114e-05
55,13,3.8880662e-05
55,14,4.413687e-05
56,0,0.00030159022
56,1,0.00067062053
56,2,0.0003204384
56,3,0.00023645448
56,4,0.00054484396
56,5,0.00036829192
56,6,0.00027146493
56,7,0.00041612337
56,8,0.00033454763
56,9,0.99502844
56,10,0.00033814626
56,11,0.00037983077
56,12,0.000251167
56,13,0.00025194147
56,14,0.00028600098
57,0,0.0006942337
57,1,0.0015437084
57,2,0.0007376205
57,3,0.00054429704
57,4,0.9887806
57,5,0.000847775
57,6,0.000624888
57,7,0.0009578788
57,8,0.0007700987
57,9,0.0010295957
57,10,0.0007783824
57,11,0.0008743364
57,12,0.00057816395
57,13,0.0005799467
57,14,0.00065834867
58,0,0.9900151
58,1,0.0013085449
58,2,0.0006252538
58,3,0.0004613806
58,4,0.0010631239
58,5,0.0007186277
58,6,0.0005296946
58,7,0.0008119586
58,8,0.00065278437
58,9,0.0008727505
58,10,0.00065980613
58,11,0.00074114284
58,12,0.0004900883
58,13,0.0004915995
58,14,0.000558058
59,0,9.471191e-05
59,1,0.00021060283
59,2,0.00010063103
59,3,7.4256575e-05
59,4,0.00017110373
59,5,0.998414
59,6,8.525132e-05
59,7,0.0001306801
59,8,0.00010506192
59,9,0.00014046421
59,10,0.000106192034
59,11,0.00011928271
59,12,7.887692e-05
59,13,7.912013e-05
59,14,8.981624e-05
60,0,7.799647e-05
60,1,0.00017343412
60,2,8.287094e-05
60,3,6.115124e-05
60,4,0.00014090611
60,5,0.9986939
60,6,7.020555e-05
60,7,0.00010761673
60,8,8.651983e-05
60,9,0.00011567407
60,10,8.74505e-05
60,11,9.8230834e-05
60,12,6.495615e-05
60,13,6.515644e-05
60,14,7.3964824e-05
61,0,4.8899426e-05
61,1,0.9992303
61,2,5.1955445e-05
61,3,3.8338407e-05
61,4,8.834025e-05
61,5,5.9714348e-05
61,6,4.4014956e-05
61,7,6.746968e-05
61,8,5.4243097e-05
61,9,7.252118e-05
61,10,5.4826574e-05
61,11,6.158524e-05
61,12,4.0723873e-05
61,13,4.0849445e-05
61,14,4.637181e-05
62,0,4.36518e-05
62,1,9.706479e-05
62,2,0.9992623
62,3,3.4224133e-05
62,4,7.8860045e-05
62,5,5.3306117e-05
62,6,3.9291503e-05
62,7,6.0229188e-05
62,8,4.8422015e-05
62,9,6.473859e-05
62,10,4.8942875e-05
62,11,5.497624e-05
62,12,3.6353602e-05
62,13,3.64657e-05
62,14,4.139543e-05
63,0,0.0009500518
63,1,0.0021125495
63,2,0.0010094263
63,3,0.00074486504
63,4,0.0017163355
63,5,0.0011601716
63,6,0.00085515296
63,7,0.0013108475
63,8,0.0010538724
63,9,0.9843392
63,10,0.0010652086
63,11,0.0011965206
63,12,0.00079121155
63,13,0.00079365127
63,14,0.00090094353
64,0,7.8792036e-05
64,1,0.00017520315
64,2,8.371622e-05
64,3,6.177498e-05
64,4,0.00014234336
64,5,9.621821e-05
64,6,7.0921655e-05
64,7,0.000108714434
64,8,8.740234e-05
64,9,0.00011685395
64,10,8.8342495e-05
64,11,0.9986835
64,12,6.5618704e-05
64,13,6.582104e-05
64,14,7.471927e-05
65,0,0.000528274
65,1,0.0011746779
65,2,0.00056128897
65,3,0.00041418037
65,4,0.99146265
65,5,0.00064511056
65,6,0.0004755057
65,7,0.0007288935
65,8,0.0005860031
65,9,0.00078346627
65,10,0.00059230655
65,11,0.00066532235
65,12,0.00043995123
65,13,0.0004413078
65,14,0.00050096744
66,0,0.00023694085
66,1,0.9962698
66,2,0.00025174872
66,3,0.00018576771
66,4,0.00042805032
66,5,0.00028934426
66,6,0.00021327328
66,7,0.00032692248
66,8,0.00026283346
66,9,0.00035139942
66,10,0.00026566067
66,11,0.00029840964
66,12,0.00019732643
66,13,0.00019793489
66,14,0.00022469334
67,0,0.00010155134
67,1,0.00022581108
67,2,0.00010789789
67,3,7.961886e-05
67,4,0.00018345965
67,5,0.00012401112
67,6,9.140757e-05
67,7,0.0001401169
67,8,0.00011264875
67,9,0.00015060755
67,10,0.9982892
67,11,0.00012789646
67,12,8.457285e-05
67,13,8.4833635e-05
67,14,9.630214e-05
68,0,2.8360675e-05
68,1,6.306322e-05
68,2,3.0133104e-05
68,3,2.2235497e-05
68,4,5.1235555e-05
68,5,3.463311e-05
68,6,2.5527781e-05
68,7,0.9995296
68,8,3.1459895e-05
68,9,4.2060812e-05
68,10,3.17983e-05
68,11,3.5718193e-05
68,12,2.361902e-05
68,13,2.369185e-05
68,14,2.6894708e-05
69,0,5.440964e-05
69,1,0.9991436
69,2,5.7810026e-05
69,3,4.2658558e-05
69,4,9.829484e-05
69,5,6.644324e-05
69,6,4.8974765e-05
69,7,7.507247e-05
69,8,6.035546e-05
69,9,8.06932e-05
69,10,6.1004685e-05
69,11,6.8524954e-05
69,12,4.531283e-05
69,13,4.545255e-05
69,14,5.15972e-05
70,0,8.822896e-05
70,1,0.00019618723
70,2,9.3742914e-05
70,3,6.917377e-05
70,4,0.00015939183
70,5,0.00010774226
70,6,7.9415935e-05
70,7,0.00012173515
70,8,9.7870514e-05
70,9,0.00013084954
70,10,9.892327e-05
70,11,0.99852586
70,12,7.347786e-05
70,13,7.3704425e-05
70,14,8.366839e-05
71,0,7.0853595e-05
71,1,0.99888456
71,2,7.5281656e-05
71,3,5.5551038e-05
71,4,0.000128002
71,5,8.652404e-05
71,6,6.377616e-05
71,7,9.776124e-05
71,8,7.8596386e-05
71,9,0.0001050807
71,10,7.944182e-05
71,11,8.9234905e-05
71,12,5.9007496e-05
71,13,5.9189446e-05
71,14,6.719116e-05
72,0,6.437216e-05
72,1,0.44721577
72,2,6.839516e-05
72,3,5.0469425e-05
72,4,0.55188715
72,5,7.860913e-05
72,6,5.7942147e-05
72,7,8.881839e-05
72,8,7.140667e-05
72,9,9.546829e-05
72,10,7.217477e-05
72,11,8.1072016e-05
72,12,5.36097e-05
72,13,5.3775006e-05
72,14,6.104475e-05
73,0,4.4401575e-05
73,1,9.8732e-05
73,2,0.9992496
73,3,3.4811976e-05
73,4,8.0214566e-05
73,5,5.422172e-05
73,6,3.9966384e-05
73,7,6.12637e-05
73,8,4.9253726e-05
73,9,6.585055e-05
73,10,4.978353e-05
73,11,5.592053e-05
73,12,3.6978025e-05
73,13,3.7092042e-05
73,14,4.210645e-05
74,0,9.244561e-05
74,1,0.00020556345
74,2,9.822309e-05
74,3,7.2479736e-05
74,4,0.00016700951
74,5,0.0001128915
74,6,8.3211395e-05
74,7,0.00012755314
74,8,0.9984415
74,9,0.00013710314
74,10,0.00010365104
74,11,0.00011642848
74,12,7.698953e-05
74,13,7.722692e-05
74,14,8.766709e-05
75,0,3.835201e-05
75,1,0.9993963
75,2,4.0748855e-05
75,3,3.006896e-05
75,4,6.9285605e-05
75,5,4.6834193e-05
75,6,3.45211e-05
75,7,5.2916726e-05
75,8,4.254307e-05
75,9,5.6878638e-05
75,10,4.300069e-05
75,11,4.8301543e-05
75,12,3.1939893e-05
75,13,3.2038377e-05
75,14,3.636959e-05
76,0,5.8300764e-05
76,1,0.00012963846
76,2,6.194433e-05
76,3,4.5709297e-05
76,4,0.99905795
76,5,7.119495e-05
76,6,5.247721e-05
76,7,8.044131e-05
76,8,6.46718e-05
76,9,8.6464e-05
76,10,6.536746e-05
76,11,7.342554e-05
76,12,4.8553393e-05
76,13,4.8703103e-05
76,14,5.528719e-05
77,0,0.00011346757
77,1,0.00025230818
77,2,0.00012055884
77,3,8.896149e-05
77,4,0.00020498715
77,5,0.00013856281
77,6,0.00010213351
77,7,0.00015655848
77,8,0.00012586717
77,9,0.00016828012
77,10,0.00012722108
77,11,0.00014290409
77,12,9.44968e-05
77,13,0.9980561
77,14,0.00010760242
78,0,0.00016580598
78,1,0.9973897
78,2,0.00017616819
78,3,0.00012999616
78,4,0.00029954017
78,5,0.00020247673
78,6,0.00014924393
78,7,0.00022877315
78,8,0.00018392506
78,9,0.00024590155
78,10,0.00018590348
78,11,0.00020882048
78,12,0.00013808468
78,13,0.00013851047
78,14,0.00015723545
79,0,0.00013187391
79,1,0.9979239
79,2,0.0001401155
79,3,0.00010339253
79,4,0.00023823949
79,5,0.00016104002
79,6,0.000118701275
79,7,0.00018195489
79,8,0.00014628493
79,9,0.00019557797
79,10,0.00014785847
79,11,0.00016608552
79,12,0.000109825756
79,13,0.0001101644
79,14,0.00012505733
80,0,8.9251895e-05
80,1,0.9985949
80,2,9.482978e-05
80,3,6.997578e-05
80,4,0.00016123983
80,5,0.00010899144
80,6,8.033669e-05
80,7,0.00012314657
80,8,9.9005236e-05
80,9,0.00013236664
80,10,0.0001000702
80,11,0.00011240622
80,12,7.432977e-05
80,13,7.4558964e-05
80,14,8.463846e-05
81,0,0.00030762766
81,1,0.99515676
81,2,0.00032685316
81,3,0.00024118798
81,4,0.00055575103
81,5,0.00037566462
81,6,0.0002768993
81,7,0.0004244536
81,8,0.00034124483
81,9,0.00045623275
81,10,0.0003449155
81,11,0.00038743447
81,12,0.00025619502
81,13,0.000256985
81,14,0.00029172635
82,0,0.0003341586
82,1,0.00074304006
82,2,0.00035504217
82,3,0.00026198893
82,4,0.000603681
82,5,0.00040806332
82,6,0.0003007801
82,7,0.00046106003
82,8,0.00037067503
82,9,0.0004955799
82,10,0.00037466228
82,11,0.00042084826
82,12,0.00027829022
82,13,0.0002791483
82,14,0.994313
83,0,0.00016062257
83,1,0.00035716273
83,2,0.00017066083
83,3,0.00012593222
83,4,0.00029017596
83,5,0.9973102
83,6,0.00014457828
83,7,0.00022162126
83,8,0.0001781752
83,9,0.0002382142
83,10,0.00018009178
83,11,0.00020229234
83,12,0.00013376788
83,13,0.00013418036
83,14,0.00015231996
84,0,0.00025236164
84,1,0.00056115515
84,2,0.99573386
84,3,0.00019785801
84,4,0.00045590906
84,5,0.00030817563
84,6,0.00022715372
84,7,0.00034819957
84,8,0.0002799394
84,9,0.0003742695
84,10,0.00028295064
84,11,0.000317831
84,12,0.000210169
84,13,0.00021081706
84,14,0.00023931704
85,0,5.9645303e-05
85,1,0.00013262819
85,2,6.337289e-05
85,3,4.676345e-05
85,4,0.00010775344
85,5,7.2836854e-05
85,6,5.3687447e-05
85,7,0.9990108
85,8,6.616327e-05
85,9,8.8458044e-05
85,10,6.687497e-05
85,11,7.5118885e-05
85,12,4.9673137e-05
85,13,4.98263e-05
85,14,5.656223e-05
86,0,0.00019263451
86,1,0.000428345
86,2,0.0002046734
86,3,0.00015103041
86,4,0.0003480078
86,5,0.00023523884
86,6,0.00017339262
86,7,0.0002657902
86,8,0.00021368539
86,9,0.9968247
86,10,0.00021598394
86,11,0.00024260905
86,12,0.00016042772
86,13,0.0001609224
86,14,0.00018267722
87,0,2.457625e-05
87,1,5.4648117e-05
87,2,2.6112168e-05
87,3,1.9268411e-05
87,4,0.31920266
87,5,3.0011697e-05
87,6,2.2121376e-05
87,7,3.390943e-05
87,8,2.7261913e-05
87,9,3.644825e-05
87,10,2.7555161e-05
87,11,0.6804311
87,12,2.0467318e-05
87,13,2.053043e-05
87,14,2.33059e-05
88,0,9.529421e-05
88,1,0.00021189761
88,2,0.00010124971
88,3,7.4713105e-05
88,4,0.00017215569
88,5,0.0001163701
88,6,8.577545e-05
88,7,0.00013148352
88,8,0.00010570784
88,9,0.0001413278
88,10,0.9983946
88,11,0.00012001606
88,12,7.936185e-05
88,13,7.9606565e-05
88,14,9.0368434e-05
89,0,6.490369e-05
89,1,0.0001443208
89,2,6.8959904e-05
89,3,5.088616e-05
89,4,0.000117253076
89,5,7.9258214e-05
89,6,5.842058e-05
89,7,0.12627836
89,8,0.8727171
89,9,9.625658e-05
89,10,7.277072e-05
89,11,8.174143e-05
89,12,5.4052365e-05
89,13,5.4219032e-05
89,14,6.154881e-05
90,0,0.00022653109
90,1,0.0005037179
90,2,0.00024068837
90,3,0.0001776062
90,4,0.46939832
90,5,0.0002766322
90,6,0.00020390333
90,7,0.00031255948
90,8,0.00025128614
90,9,0.5272768
90,10,0.00025398913
90,11,0.0002852993
90,12,0.0001886571
90,13,0.00018923881
90,14,0.00021482167
91,0,0.00026536034
91,1,0.0005900592
91,2,0.0002819443
91,3,0.00020804933
91,4,0.00047939213
91,5,0.00032404918
91,6,0.000238854
91,7,0.0003661347
91,8,0.0002943586
91,9,0.00039354744
91,10,0.0002975249
91,11,0.99556637
91,12,0.00022099444
91,13,0.00022167586
91,14,0.00025164383
92,0,0.00038390735
92,1,0.00085366215
92,2,0.00040790002
92,3,0.99340314
92,4,0.00069355563
92,5,0.00046881486
92,6,0.0003455596
92,7,0.0005297016
92,8,0.0004258603
92,9,0.00056936074
92,10,0.00043044114
92,11,0.00048350316
92,12,0.00031972144
92,13,0.00032070727
92,14,0.00036406313
93,0,7.8388155e-05
93,1,0.00017430507
93,2,8.3287094e-05
93,3,6.1458326e-05
93,4,0.00014161371
93,5,9.5724994e-05
93,6,7.055811e-05
93,7,0.9986997
93,8,8.6954315e-05
93,9,0.00011625496
93,10,8.788965e-05
93,11,9.872413e-05
93,12,6.5282344e-05
93,13,6.548364e-05
93,14,7.433626e-05
94,0,0.0004383273
94,1,0.0009746711
94,2,0.00046572098
94,3,0.00034365986
94,4,0.00079186907
94,5,0.00053527066
94,6,0.0003945436
94,7,0.00060478825
94,8,0.00048622716
94,9,0.00065006915
94,10,0.00049145735
94,11,0.0005520411
94,12,0.00036504283
94,13,0.9924906
94,14,0.0004156701
95,0,0.00016759119
95,1,0.00037265828
95,2,0.00017806496
95,3,0.0001313958
95,4,0.0003027653
95,5,0.00020465677
95,6,0.00015085083
95,7,0.9972201
95,8,0.00018590536
95,9,0.00024854913
95,10,0.00018790508
95,11,0.00021106882
95,12,0.00013957142
95,13,0.0001400018
95,14,0.00015892838
96,0,7.5333366e-05
96,1,0.00016751241
96,2,8.0041405e-05
96,3,5.90633e-05
96,4,0.00013609503
96,5,9.1994596e-05
96,6,6.780846e-05
96,7,0.00010394228
96,8,8.356571e-05
96,9,0.9987582
96,10,8.44646e-05
96,11,9.487686e-05
96,12,6.27383e-05
96,13,6.2931744e-05
96,14,7.1439375e-05
97,0,0.00051074114
97,1,0.0011356917
97,2,0.0005426604
97,3,0.00040043416
97,4,0.0009226898
97,5,0.00062370003
97,6,0.00045972416
97,7,0.0007047023
97,8,0.0005665543
97,9,0.99158084
97,10,0.00057264854
97,11,0.00064324104
97,12,0.00042534972
97,13,0.00042666128
97,14,0.00048434085
98,0,9.1904476e-05
98,1,0.3789073
98,2,0.6197435
98,3,7.2055474e-05
98,4,0.0001660319
98,5,0.00011223068
98,6,8.272431e-05
98,7,0.0001268065
98,8,0.000101947684
98,9,0.00013630059
98,10,0.0001030443
98,11,0.00011574695
98,12,7.653886e-05
98,13,7.6774864e-05
98,14,8.715392e-05
99,0,0.00012751998
99,1,0.00028355533
99,2,0.00013548946
99,3,9.997894e-05
99,4,0.00023037381
99,5,0.00015572314
99,6,0.000114782255
99,7,0.0001759475
99,8,0.00014145521
99,9,0.00018912081
99,10,0.0001429768
99,11,0.99786943
99,12,0.00010619977
99,13,0.00010652723
99,14,0.00012092846
100,0,8.8739e-05
100,1,0.998603
100,2,9.428483e-05
100,3,6.957365e-05
100,4,0.00016031324
100,5,0.00010836511
100,6,7.9875026e-05
100,7,0.00012243888
100,8,9.843629e-05
100,9,0.00013160598
100,10,9.949514e-05
100,11,0.000111760266
100,12,7.390262e-05
100,13,7.41305e-05
100,14,8.415207e-05
101,0,0.00014023455
101,1,0.00031182767
101,2,0.00014899866
101,3,0.0001099475
101,4,0.0002533436
101,5,0.00017124976
101,6,0.00012622679
101,7,0.99767387
101,8,0.00015555922
101,9,0.00020797738
101,10,0.00015723253
101,11,0.00017661514
101,12,0.00011678858
101,13,0.000117148695
101,14,0.00013298582
102,0,0.00010290642
102,1,0.00022882427
102,2,0.00010933766
102,3,8.068128e-05
102,4,0.0001859077
102,5,0.00012566589
102,6,9.26273e-05
102,7,0.0001419866
102,8,0.00011415192
102,9,0.00015261723
102,10,0.000115379815
102,11,0.9982806
102,12,8.570138e-05
102,13,8.5965636e-05
102,14,9.758718e-05
103,0,0.00026091226
103,1,0.9958922
103,2,0.00027721823
103,3,0.00020456193
103,4,0.00047135638
103,5,0.00031861736
103,6,0.00023485025
103,7,0.0003599974
103,8,0.00028942444
103,9,0.00038695065
103,10,0.0002925377
103,11,0.00032859988
103,12,0.00021729004
103,13,0.00021796006
103,14,0.0002474257
